blind_id,wav_file,strategy,strategy_label,shift_semitones,overall_rating,artifact_rating,transient_rating,groove_rating,listener_silence_flag,listener_unusable_flag,notes,reference_rms,render_rms,relative_rms_db,peak_ratio,active_fraction,median_frame_rms_db,crest_factor,silence_like_health_flag,true_positive,false_positive,false_negative,true_negative
DLT_009,audio/DLT_009.wav,adaptive_v3,Adaptive v3,-12,3,2,2,3,False,False,,0.07175767552896685,0.06350481623117099,-1.0612339680369112,1.0995511692110933,1.0,-8.23562863681057,15.431898838928838,False,False,False,False,True
DLT_002,audio/DLT_002.wav,adaptive_v3,Adaptive v3,3,3,2,3,3,False,False,,0.07175767552896685,0.05674958161333528,-2.0381139595104045,1.0995511692110933,1.0,-8.417960519819312,17.268848016210075,False,False,False,False,True
DLT_001,audio/DLT_001.wav,adaptive_v3,Adaptive v3,7,2,2,1,3,False,False,,0.07175767552896685,0.058118067766977824,-1.83114389997734,1.0995511692110933,1.0,-9.044872937743099,16.862224391104483,False,False,False,False,True
DLT_012,audio/DLT_012.wav,psola,PSOLA,-12,1,1,1,1,False,True,sounds weird and slow,0.07175767552896685,0.05401251453026284,-2.46747931723651,1.0995511692110933,0.9840425531914894,-8.795277740594955,18.143941425187855,False,False,False,False,True
DLT_014,audio/DLT_014.wav,psola,PSOLA,3,3,1,3,2,False,False,,0.07175767552896685,0.07081180046640217,-0.1152545016169434,1.0995511692110933,0.8404255319148937,-8.20694290657274,13.839499820784445,False,False,False,False,True
DLT_007,audio/DLT_007.wav,psola,PSOLA,7,1,1,4,1,False,True,sounds messy and not like the original groove,0.07175767552896685,0.05144086938987609,-2.8912012425561207,1.0995511692110933,0.6648936170212766,-11.275116734360758,19.050997999988457,False,False,False,False,True
DLT_008,audio/DLT_008.wav,phase_vocoder,Phase Vocoder,-12,3,3,3,3,False,False,,0.07175767552896685,0.06350481623117099,-1.0612339680369112,1.0995511692110933,1.0,-8.23562863681057,15.431898838928838,False,False,False,False,True
DLT_015,audio/DLT_015.wav,phase_vocoder,Phase Vocoder,3,2,2,1,2,False,False,,0.07175767552896685,0.05674958161333528,-2.0381139595104045,1.0995511692110933,1.0,-8.417960519819312,17.268848016210075,False,False,False,False,True
DLT_004,audio/DLT_004.wav,phase_vocoder,Phase Vocoder,7,3,2,3,3,False,False,,0.07175767552896685,0.058118067766977824,-1.83114389997734,1.0995511692110933,1.0,-9.044872937743099,16.862224391104483,False,False,False,False,True
DLT_005,audio/DLT_005.wav,rubber_band,Rubber Band,-12,1,1,1,1,True,True,silence,0.07175767552896685,0.0021840874915825766,-30.33196660768975,1.0995511692110933,0.010638297872340425,-64.21947408560963,448.69992783764116,True,True,False,False,False
DLT_010,audio/DLT_010.wav,rubber_band,Rubber Band,3,1,1,1,1,True,True,silence,0.07175767552896685,0.0014773398629210753,-33.727758910035796,1.0995511692110933,0.010638297872340425,-65.04738336830314,663.3544010154093,True,True,False,False,False
DLT_006,audio/DLT_006.wav,rubber_band,Rubber Band,7,1,1,1,1,True,True,silence,0.07175767552896685,0.0013157069848443116,-34.734183634565724,1.0995511692110933,0.010638297872340425,-70.29301200158514,744.8466194622815,True,True,False,False,False
DLT_003,audio/DLT_003.wav,wsola,WSOLA,-12,1,1,1,1,True,True,i cant hear anything just silence,0.07175767552896685,0.0016032037829065587,-33.017592661349525,1.0995511692110933,0.005319148936170213,-87.27143401508648,611.2759402847013,True,True,False,False,False
DLT_013,audio/DLT_013.wav,wsola,WSOLA,3,1,1,1,1,True,True,silence,0.07175767552896685,0.0015910868863639157,-33.08348931373685,1.0995511692110933,0.005319148936170213,-82.02207176279583,615.9311023571906,True,True,False,False,False
DLT_011,audio/DLT_011.wav,wsola,WSOLA,7,1,1,1,1,True,True,silence,0.07175767552896685,0.0015566685730962196,-33.273444085851736,1.0995511692110933,0.005319148936170213,-79.56695235900416,629.5494858709541,True,True,False,False,False
