case_id,sweep_family,case_label,ambiguity_amount,ambiguity_units,parameter_summary,shift_semitones,algorithm_disagreement,mean_composite_stress,min_composite_stress,max_composite_stress,algorithm_spread
beating_rate_0_5hz,beating_rate,0.5 Hz,0.5,Hz beat rate,"{""beat_rate_hz"": 0.5, ""frequencies_hz"": ""440,440.5""}",-12,0.07867097945791092,0.36518224586075787,0.06089724491123322,0.7175225679633631,0.65662532305213
beating_rate_0_5hz,beating_rate,0.5 Hz,0.5,Hz beat rate,"{""beat_rate_hz"": 0.5, ""frequencies_hz"": ""440,440.5""}",3,0.03673300555860108,0.3085090287531746,0.01528318817082045,0.5261198113408775,0.5108366231700571
beating_rate_0_5hz,beating_rate,0.5 Hz,0.5,Hz beat rate,"{""beat_rate_hz"": 0.5, ""frequencies_hz"": ""440,440.5""}",7,0.05560991659071927,0.310803529346918,0.06643943212913354,0.597386835912947,0.5309474037838134
beating_rate_0_5hz,beating_rate,0.5 Hz,0.5,Hz beat rate,"{""beat_rate_hz"": 0.5, ""frequencies_hz"": ""440,440.5""}",12,0.03783294960367814,0.3021066352279722,0.07971753175918098,0.5160723669207424,0.4363548351615615
beating_rate_1_0hz,beating_rate,1 Hz,1.0,Hz beat rate,"{""beat_rate_hz"": 1.0, ""frequencies_hz"": ""440,441""}",-12,0.07756546484555663,0.3651307548056389,0.060445355490523524,0.7135742640935407,0.6531289086030172
beating_rate_1_0hz,beating_rate,1 Hz,1.0,Hz beat rate,"{""beat_rate_hz"": 1.0, ""frequencies_hz"": ""440,441""}",3,0.0343404752106575,0.3010759024170047,0.014877474300953106,0.5092977937085584,0.49442031940760534
beating_rate_1_0hz,beating_rate,1 Hz,1.0,Hz beat rate,"{""beat_rate_hz"": 1.0, ""frequencies_hz"": ""440,441""}",7,0.04997700629715841,0.2994003257381496,0.06698890031587863,0.5682896536164698,0.5013007533005911
beating_rate_1_0hz,beating_rate,1 Hz,1.0,Hz beat rate,"{""beat_rate_hz"": 1.0, ""frequencies_hz"": ""440,441""}",12,0.0397856580709045,0.30738444129636966,0.07942080005092998,0.5230085448961591,0.4435877448452291
beating_rate_2_0hz,beating_rate,2 Hz,2.0,Hz beat rate,"{""beat_rate_hz"": 2.0, ""frequencies_hz"": ""440,442""}",-12,0.07285520450435728,0.35668726314926935,0.0614561108484409,0.6980953646757014,0.6366392538272605
beating_rate_2_0hz,beating_rate,2 Hz,2.0,Hz beat rate,"{""beat_rate_hz"": 2.0, ""frequencies_hz"": ""440,442""}",3,0.045580051797258964,0.34262153761988196,0.015014960878884554,0.5884941230078137,0.5734791621289291
beating_rate_2_0hz,beating_rate,2 Hz,2.0,Hz beat rate,"{""beat_rate_hz"": 2.0, ""frequencies_hz"": ""440,442""}",7,0.04020514925224658,0.2778145443831707,0.06719328354405231,0.5025006871614492,0.43530740361739695
beating_rate_2_0hz,beating_rate,2 Hz,2.0,Hz beat rate,"{""beat_rate_hz"": 2.0, ""frequencies_hz"": ""440,442""}",12,0.039099203278209115,0.29679191012095163,0.06646747712716826,0.5360061377370432,0.4695386606098749
beating_rate_5_0hz,beating_rate,5 Hz,5.0,Hz beat rate,"{""beat_rate_hz"": 5.0, ""frequencies_hz"": ""440,445""}",-12,0.07737439694785285,0.369696419341739,0.06445911868785344,0.710477868034178,0.6460187493463245
beating_rate_5_0hz,beating_rate,5 Hz,5.0,Hz beat rate,"{""beat_rate_hz"": 5.0, ""frequencies_hz"": ""440,445""}",3,0.05233769239291252,0.3545058023780357,0.01903335727008951,0.627796273337654,0.6087629160675645
beating_rate_5_0hz,beating_rate,5 Hz,5.0,Hz beat rate,"{""beat_rate_hz"": 5.0, ""frequencies_hz"": ""440,445""}",7,0.03668342351069713,0.27040325175935515,0.07269127185581432,0.4965794035825925,0.4238881317267782
beating_rate_5_0hz,beating_rate,5 Hz,5.0,Hz beat rate,"{""beat_rate_hz"": 5.0, ""frequencies_hz"": ""440,445""}",12,0.033572710702442186,0.2981650883902021,0.0873212245384547,0.49982900470731834,0.41250778016886364
beating_rate_10_0hz,beating_rate,10 Hz,10.0,Hz beat rate,"{""beat_rate_hz"": 10.0, ""frequencies_hz"": ""440,450""}",-12,0.04726842796197081,0.3168368587808824,0.06700350958283657,0.5350392250395242,0.4680357154566876
beating_rate_10_0hz,beating_rate,10 Hz,10.0,Hz beat rate,"{""beat_rate_hz"": 10.0, ""frequencies_hz"": ""440,450""}",3,0.04416981736199238,0.33684118019146686,0.024446640811233877,0.6034370308819591,0.5789903900707252
beating_rate_10_0hz,beating_rate,10 Hz,10.0,Hz beat rate,"{""beat_rate_hz"": 10.0, ""frequencies_hz"": ""440,450""}",7,0.051600791221375744,0.3094791763009429,0.07768435403361325,0.5717291807471655,0.49404482671355227
beating_rate_10_0hz,beating_rate,10 Hz,10.0,Hz beat rate,"{""beat_rate_hz"": 10.0, ""frequencies_hz"": ""440,450""}",12,0.03468039246610341,0.31673501848981755,0.10821036659011307,0.5225446102984186,0.4143342437083055
three_oscillators_07hz,three_oscillators,440 + 443 + 447,7.0,Hz spread,"{""frequencies_hz"": ""440,443,447"", ""spread_hz"": 7.0}",-12,0.06994388561363635,0.35020150119307325,0.05972624602761886,0.6886602292999643,0.6289339832723454
three_oscillators_07hz,three_oscillators,440 + 443 + 447,7.0,Hz spread,"{""frequencies_hz"": ""440,443,447"", ""spread_hz"": 7.0}",3,0.03843340255391928,0.31734282906019906,0.017136381722494768,0.5471149895085926,0.5299786077860978
three_oscillators_07hz,three_oscillators,440 + 443 + 447,7.0,Hz spread,"{""frequencies_hz"": ""440,443,447"", ""spread_hz"": 7.0}",7,0.045851013161429525,0.29354127489527826,0.07119770144249976,0.5564358314817206,0.48523813003922084
three_oscillators_07hz,three_oscillators,440 + 443 + 447,7.0,Hz spread,"{""frequencies_hz"": ""440,443,447"", ""spread_hz"": 7.0}",12,0.035613583007987455,0.30039467411456394,0.08605965637528623,0.5132579874379634,0.42719833106267713
three_oscillators_20hz,three_oscillators,440 + 450 + 460,20.0,Hz spread,"{""frequencies_hz"": ""440,450,460"", ""spread_hz"": 20.0}",-12,0.05603830920260776,0.3354157156297828,0.06980839509462257,0.619491708162628,0.5496833130680054
three_oscillators_20hz,three_oscillators,440 + 450 + 460,20.0,Hz spread,"{""frequencies_hz"": ""440,450,460"", ""spread_hz"": 20.0}",3,0.041693665818756095,0.3445683868802699,0.028736963393826902,0.5922625406401975,0.5635255772463705
three_oscillators_20hz,three_oscillators,440 + 450 + 460,20.0,Hz spread,"{""frequencies_hz"": ""440,450,460"", ""spread_hz"": 20.0}",7,0.03389296006662128,0.31322284633286374,0.08226455492525271,0.5444681271814281,0.4622035722561754
three_oscillators_20hz,three_oscillators,440 + 450 + 460,20.0,Hz spread,"{""frequencies_hz"": ""440,450,460"", ""spread_hz"": 20.0}",12,0.027624926427134655,0.2860847447215653,0.09293391126751505,0.5038457825638017,0.4109118712962867
three_oscillators_80hz,three_oscillators,440 + 480 + 520,80.0,Hz spread,"{""frequencies_hz"": ""440,480,520"", ""spread_hz"": 80.0}",-12,0.04681230165264855,0.3599637089824788,0.10022411981115036,0.6330160931426311,0.5327919733314808
three_oscillators_80hz,three_oscillators,440 + 480 + 520,80.0,Hz spread,"{""frequencies_hz"": ""440,480,520"", ""spread_hz"": 80.0}",3,0.03146165683431246,0.2776192946418262,0.021008529677154306,0.4785796312277337,0.4575711015505794
three_oscillators_80hz,three_oscillators,440 + 480 + 520,80.0,Hz spread,"{""frequencies_hz"": ""440,480,520"", ""spread_hz"": 80.0}",7,0.034001762302645955,0.2765776169475404,0.09488025875676742,0.5097927472112899,0.41491248845452244
three_oscillators_80hz,three_oscillators,440 + 480 + 520,80.0,Hz spread,"{""frequencies_hz"": ""440,480,520"", ""spread_hz"": 80.0}",12,0.020650828650022074,0.3404452767059656,0.16897300009138672,0.49823069303506823,0.3292576929436815
two_oscillators_00hz,two_oscillators,440 + 440,0.0,Hz separation,"{""frequencies_hz"": ""440,440"", ""separation_hz"": 0.0}",-12,0.05777134236981646,0.33830063210909145,0.07425295127496995,0.6409873344620014,0.5667343831870315
two_oscillators_00hz,two_oscillators,440 + 440,0.0,Hz separation,"{""frequencies_hz"": ""440,440"", ""separation_hz"": 0.0}",3,0.03086103699713142,0.3005385807299542,0.02297615292150769,0.4922179649977017,0.46924181207619403
two_oscillators_00hz,two_oscillators,440 + 440,0.0,Hz separation,"{""frequencies_hz"": ""440,440"", ""separation_hz"": 0.0}",7,0.04760166066488429,0.3037457720048911,0.07492267356215003,0.5731912920892922,0.49826861852714216
two_oscillators_00hz,two_oscillators,440 + 440,0.0,Hz separation,"{""frequencies_hz"": ""440,440"", ""separation_hz"": 0.0}",12,0.030076479362964446,0.2807786619225591,0.07328879053700994,0.4698966732314091,0.39660788269439917
two_oscillators_01hz,two_oscillators,440 + 441,1.0,Hz separation,"{""frequencies_hz"": ""440,441"", ""separation_hz"": 1.0}",-12,0.06425825882218834,0.3397334788943702,0.06351048993557339,0.6705984177826857,0.6070879278471123
two_oscillators_01hz,two_oscillators,440 + 441,1.0,Hz separation,"{""frequencies_hz"": ""440,441"", ""separation_hz"": 1.0}",3,0.018438894546345896,0.24542379837432088,0.017489875088108474,0.37027050630375385,0.3527806312156454
two_oscillators_01hz,two_oscillators,440 + 441,1.0,Hz separation,"{""frequencies_hz"": ""440,441"", ""separation_hz"": 1.0}",7,0.049103467421575245,0.3003573603828153,0.06734416062342362,0.5674821478035388,0.5001379871801152
two_oscillators_01hz,two_oscillators,440 + 441,1.0,Hz separation,"{""frequencies_hz"": ""440,441"", ""separation_hz"": 1.0}",12,0.031646896299724545,0.278465281268488,0.06700394731752989,0.47573487138748355,0.40873092406995365
two_oscillators_02hz,two_oscillators,440 + 442,2.0,Hz separation,"{""frequencies_hz"": ""440,442"", ""separation_hz"": 2.0}",-12,0.0702771021662553,0.35192076624905966,0.0615495071310733,0.6880634409238926,0.6265139337928193
two_oscillators_02hz,two_oscillators,440 + 442,2.0,Hz separation,"{""frequencies_hz"": ""440,442"", ""separation_hz"": 2.0}",3,0.029425166163002763,0.304422933597815,0.016998487525560758,0.46795742003182417,0.4509589325062634
two_oscillators_02hz,two_oscillators,440 + 442,2.0,Hz separation,"{""frequencies_hz"": ""440,442"", ""separation_hz"": 2.0}",7,0.03645831509274711,0.2848953501273811,0.06848680075987464,0.5004814499457012,0.4319946491858266
two_oscillators_02hz,two_oscillators,440 + 442,2.0,Hz separation,"{""frequencies_hz"": ""440,442"", ""separation_hz"": 2.0}",12,0.040063801200591595,0.2957752867695873,0.05560689571856689,0.5161063885398063,0.46049949282123936
two_oscillators_05hz,two_oscillators,440 + 445,5.0,Hz separation,"{""frequencies_hz"": ""440,445"", ""separation_hz"": 5.0}",-12,0.017646364518729942,0.2264884640242112,0.06438356281965456,0.3800695029347383,0.3156859401150837
two_oscillators_05hz,two_oscillators,440 + 445,5.0,Hz separation,"{""frequencies_hz"": ""440,445"", ""separation_hz"": 5.0}",3,0.04033092436842328,0.323811778473286,0.021378455363257543,0.5669685393725153,0.5455900840092578
two_oscillators_05hz,two_oscillators,440 + 445,5.0,Hz separation,"{""frequencies_hz"": ""440,445"", ""separation_hz"": 5.0}",7,0.026907288769699014,0.24941379949172465,0.0728479691171552,0.4157763583418972,0.342928389224742
two_oscillators_05hz,two_oscillators,440 + 445,5.0,Hz separation,"{""frequencies_hz"": ""440,445"", ""separation_hz"": 5.0}",12,0.03751379725638686,0.30466473943041317,0.08058399676923622,0.5212145722902245,0.4406305755209883
two_oscillators_10hz,two_oscillators,440 + 450,10.0,Hz separation,"{""frequencies_hz"": ""440,450"", ""separation_hz"": 10.0}",-12,0.05679327007342877,0.3349789227303649,0.0688350019633397,0.6292741972367559,0.5604391952734162
two_oscillators_10hz,two_oscillators,440 + 450,10.0,Hz separation,"{""frequencies_hz"": ""440,450"", ""separation_hz"": 10.0}",3,0.03565396936524316,0.32071824926110915,0.02524153567193684,0.5284425961282174,0.5032010604562805
two_oscillators_10hz,two_oscillators,440 + 450,10.0,Hz separation,"{""frequencies_hz"": ""440,450"", ""separation_hz"": 10.0}",7,0.04911567910859286,0.30495800851103705,0.07906899467311895,0.5804443334016935,0.5013753387285746
two_oscillators_10hz,two_oscillators,440 + 450,10.0,Hz separation,"{""frequencies_hz"": ""440,450"", ""separation_hz"": 10.0}",12,0.03242033081208893,0.3078938994812795,0.10387013786522718,0.5103705953235748,0.40650045745834756
two_oscillators_20hz,two_oscillators,440 + 460,20.0,Hz separation,"{""frequencies_hz"": ""440,460"", ""separation_hz"": 20.0}",-12,0.061000972729540484,0.35060278234561687,0.07867003723946649,0.665452977849727,0.5867829406102605
two_oscillators_20hz,two_oscillators,440 + 460,20.0,Hz separation,"{""frequencies_hz"": ""440,460"", ""separation_hz"": 20.0}",3,0.03133342391213358,0.32914754877745966,0.03463434515818173,0.4677456903510213,0.43311134519283956
two_oscillators_20hz,two_oscillators,440 + 460,20.0,Hz separation,"{""frequencies_hz"": ""440,460"", ""separation_hz"": 20.0}",7,0.03158296146877096,0.3184787838487605,0.08721765682983557,0.5037590104298957,0.4165413536000601
two_oscillators_20hz,two_oscillators,440 + 460,20.0,Hz separation,"{""frequencies_hz"": ""440,460"", ""separation_hz"": 20.0}",12,0.03309141920122791,0.30563273947460057,0.08693594579548986,0.5084790073940764,0.4215430615985865
two_oscillators_40hz,two_oscillators,440 + 480,40.0,Hz separation,"{""frequencies_hz"": ""440,480"", ""separation_hz"": 40.0}",-12,0.04699807005938596,0.3371067937535143,0.08821847359935132,0.6048323599643944,0.5166138863650431
two_oscillators_40hz,two_oscillators,440 + 480,40.0,Hz separation,"{""frequencies_hz"": ""440,480"", ""separation_hz"": 40.0}",3,0.030483016872866427,0.3017813348267084,0.028227807450079745,0.5053353971521192,0.4771075897020394
two_oscillators_40hz,two_oscillators,440 + 480,40.0,Hz separation,"{""frequencies_hz"": ""440,480"", ""separation_hz"": 40.0}",7,0.028780699182509337,0.36125969806123376,0.08620163509878671,0.5355852922278164,0.44938365712902967
two_oscillators_40hz,two_oscillators,440 + 480,40.0,Hz separation,"{""frequencies_hz"": ""440,480"", ""separation_hz"": 40.0}",12,0.02239425441383206,0.3203802904143632,0.156478117292392,0.482921294515999,0.32644317722360705
vibrato_depth_00st,vibrato_depth,0 semitones,0.0,semitones,"{""base_hz"": 440.0, ""depth_semitones"": 0.0, ""rate_hz"": 5.5}",-12,0.06673817656759874,0.35634712773651656,0.07497311810608141,0.681883637992192,0.6069105198861106
vibrato_depth_00st,vibrato_depth,0 semitones,0.0,semitones,"{""base_hz"": 440.0, ""depth_semitones"": 0.0, ""rate_hz"": 5.5}",3,0.030696434422661092,0.3015147706577641,0.024230756412885957,0.48985253652556576,0.4656217801126798
vibrato_depth_00st,vibrato_depth,0 semitones,0.0,semitones,"{""base_hz"": 440.0, ""depth_semitones"": 0.0, ""rate_hz"": 5.5}",7,0.050867970703052275,0.31236921509626603,0.07778195849580921,0.5898790508828705,0.5120970923870614
vibrato_depth_00st,vibrato_depth,0 semitones,0.0,semitones,"{""base_hz"": 440.0, ""depth_semitones"": 0.0, ""rate_hz"": 5.5}",12,0.030085582441278867,0.28243172700423935,0.0747063729414926,0.4711334737546455,0.3964271008131529
vibrato_depth_01st,vibrato_depth,1 semitones,1.0,semitones,"{""base_hz"": 440.0, ""depth_semitones"": 1.0, ""rate_hz"": 5.5}",-12,0.06982288007518168,0.37877965531716695,0.08045848846330422,0.7095249969053831,0.6290665084420788
vibrato_depth_01st,vibrato_depth,1 semitones,1.0,semitones,"{""base_hz"": 440.0, ""depth_semitones"": 1.0, ""rate_hz"": 5.5}",3,0.031121815017221624,0.3226756386041181,0.03652961343165731,0.4879041553731627,0.4513745419415054
vibrato_depth_01st,vibrato_depth,1 semitones,1.0,semitones,"{""base_hz"": 440.0, ""depth_semitones"": 1.0, ""rate_hz"": 5.5}",7,0.0327742581645413,0.28535780035176594,0.10123318172685129,0.5028976119651265,0.4016644302382752
vibrato_depth_01st,vibrato_depth,1 semitones,1.0,semitones,"{""base_hz"": 440.0, ""depth_semitones"": 1.0, ""rate_hz"": 5.5}",12,0.02195206433710443,0.3342948165049239,0.18124674957152934,0.49876921878168146,0.31752246921015215
vibrato_depth_02st,vibrato_depth,2 semitones,2.0,semitones,"{""base_hz"": 440.0, ""depth_semitones"": 2.0, ""rate_hz"": 5.5}",-12,0.029361747845244694,0.30622184190877666,0.09725076183870185,0.5132276621126285,0.41597690027392664
vibrato_depth_02st,vibrato_depth,2 semitones,2.0,semitones,"{""base_hz"": 440.0, ""depth_semitones"": 2.0, ""rate_hz"": 5.5}",3,0.035238284869338055,0.34008467308792945,0.03563081995558888,0.5043496547058899,0.468718834750301
vibrato_depth_02st,vibrato_depth,2 semitones,2.0,semitones,"{""base_hz"": 440.0, ""depth_semitones"": 2.0, ""rate_hz"": 5.5}",7,0.024616080337602243,0.36862388699117266,0.12021927243693076,0.5485638173902889,0.42834454495335816
vibrato_depth_02st,vibrato_depth,2 semitones,2.0,semitones,"{""base_hz"": 440.0, ""depth_semitones"": 2.0, ""rate_hz"": 5.5}",12,0.026147868228903925,0.36597884104365414,0.20142530700454497,0.5534439570086533,0.35201865000410837
vibrato_depth_04st,vibrato_depth,4 semitones,4.0,semitones,"{""base_hz"": 440.0, ""depth_semitones"": 4.0, ""rate_hz"": 5.5}",-12,0.04047857969159243,0.3635600767946743,0.11692982263037512,0.5630217142519621,0.446091891621587
vibrato_depth_04st,vibrato_depth,4 semitones,4.0,semitones,"{""base_hz"": 440.0, ""depth_semitones"": 4.0, ""rate_hz"": 5.5}",3,0.045209584096685476,0.3651088120089334,0.03168463939436186,0.5994043188404151,0.5677196794460533
vibrato_depth_04st,vibrato_depth,4 semitones,4.0,semitones,"{""base_hz"": 440.0, ""depth_semitones"": 4.0, ""rate_hz"": 5.5}",7,0.04582115744229456,0.3322630822041518,0.1076192661139705,0.587484528323981,0.4798652622100105
vibrato_depth_04st,vibrato_depth,4 semitones,4.0,semitones,"{""base_hz"": 440.0, ""depth_semitones"": 4.0, ""rate_hz"": 5.5}",12,0.018783124654651227,0.37602246104695863,0.23513299764885795,0.5268741507066488,0.2917411530577908
vibrato_depth_08st,vibrato_depth,8 semitones,8.0,semitones,"{""base_hz"": 440.0, ""depth_semitones"": 8.0, ""rate_hz"": 5.5}",-12,0.05373365511492295,0.3989429822164069,0.1293751108153163,0.728426352094702,0.5990512412793857
vibrato_depth_08st,vibrato_depth,8 semitones,8.0,semitones,"{""base_hz"": 440.0, ""depth_semitones"": 8.0, ""rate_hz"": 5.5}",3,0.04401417024810517,0.3446433834040151,0.03836366033070276,0.6205804325393012,0.5822167722085985
vibrato_depth_08st,vibrato_depth,8 semitones,8.0,semitones,"{""base_hz"": 440.0, ""depth_semitones"": 8.0, ""rate_hz"": 5.5}",7,0.0326577894890228,0.29480339806250455,0.09617128938576967,0.49521830554924745,0.39904701616347776
vibrato_depth_08st,vibrato_depth,8 semitones,8.0,semitones,"{""base_hz"": 440.0, ""depth_semitones"": 8.0, ""rate_hz"": 5.5}",12,0.019387358193935052,0.4123408559813243,0.263673020545649,0.5720663406594909,0.3083933201138419
vibrato_depth_12st,vibrato_depth,12 semitones,12.0,semitones,"{""base_hz"": 440.0, ""depth_semitones"": 12.0, ""rate_hz"": 5.5}",-12,0.05578384067064782,0.43118983043095227,0.13282051100004755,0.7301562253540316,0.597335714353984
vibrato_depth_12st,vibrato_depth,12 semitones,12.0,semitones,"{""base_hz"": 440.0, ""depth_semitones"": 12.0, ""rate_hz"": 5.5}",3,0.01892429600613916,0.2740171959652716,0.051293824980404225,0.4156452147878204,0.36435138980741616
vibrato_depth_12st,vibrato_depth,12 semitones,12.0,semitones,"{""base_hz"": 440.0, ""depth_semitones"": 12.0, ""rate_hz"": 5.5}",7,0.031112007740048693,0.39271311024704497,0.14799236401134389,0.6140137080610709,0.46602134404972706
vibrato_depth_12st,vibrato_depth,12 semitones,12.0,semitones,"{""base_hz"": 440.0, ""depth_semitones"": 12.0, ""rate_hz"": 5.5}",12,0.01782175623569892,0.4030014596528755,0.2569929197031949,0.5408862801313011,0.28389336042810626
