delta_hz,algorithm,algorithm_label,dominant_inferred_pitch_hz,lower_reference_hz,upper_reference_hz,upper_frame_fraction,iqr_inferred_f0_hz,mean_confidence,valid_frame_fraction,branch
0.0,psola,PSOLA,881.5699963628247,440.0,880.0,1.0,6.854467710581957e-05,0.9974842616715823,1.0,upper_branch
0.1,psola,PSOLA,881.5930156476278,440.05,880.1,1.0,6.394138858922815e-05,0.997490963819547,1.0,upper_branch
0.2,psola,PSOLA,881.6160335523533,440.1,880.2,1.0,5.7351311284037365e-05,0.9975020144402462,1.0,upper_branch
0.3,psola,PSOLA,881.639054735352,440.15,880.3,1.0,5.219158697400417e-05,0.9975212756852284,1.0,upper_branch
0.4,psola,PSOLA,881.6620902297973,440.2,880.4,1.0,6.18258203530786e-05,0.9975677416002945,1.0,upper_branch
0.5,psola,PSOLA,881.6851596052737,440.25,880.5,1.0,0.00019880095032931422,0.9980612645231336,1.0,upper_branch
0.6,psola,PSOLA,881.7082509794392,440.3,880.6,1.0,0.0007736862282854418,0.9971388704213158,1.0,upper_branch
0.7,psola,PSOLA,881.7313357087202,440.35,880.7,1.0,0.0007946974917558691,0.9972034659506145,1.0,upper_branch
0.8,psola,PSOLA,881.7543095344215,440.4,880.8,1.0,0.0007767882975713292,0.997230846568454,1.0,upper_branch
0.9,psola,PSOLA,881.7772971374402,440.45,880.9,1.0,0.0007422853234402282,0.9972516209210847,1.0,upper_branch
1.0,psola,PSOLA,881.8002870178866,440.5,881.0,1.0,0.0007354426877554943,0.9972714183758143,1.0,upper_branch
1.1,psola,PSOLA,881.8232833207834,440.55,881.1,1.0,0.0007263006989433052,0.9972944751027377,1.0,upper_branch
1.2,psola,PSOLA,881.8462920983517,440.6,881.2,1.0,0.0007064038925364002,0.9973248582453099,1.0,upper_branch
1.3,psola,PSOLA,881.8693252617185,440.65,881.3,1.0,0.0007061453675305529,0.9973717957214374,1.0,upper_branch
1.4,psola,PSOLA,881.8923810944686,440.7,881.4,1.0,0.0009488537850756984,0.9974749888128719,1.0,upper_branch
1.5,psola,PSOLA,881.9154720905683,440.75,881.5,1.0,0.001690420984573393,0.9978433933968548,1.0,upper_branch
1.6,psola,PSOLA,881.9386160324498,440.8,881.6,1.0,0.003120601747582441,0.9966319769124916,1.0,upper_branch
1.7,psola,PSOLA,881.9617995009052,440.85,881.7,1.0,0.002984770850048335,0.9968769562836168,1.0,upper_branch
1.8,psola,PSOLA,881.9847854669604,440.9,881.8,1.0,0.002914660502483457,0.9969544315303586,1.0,upper_branch
1.9,psola,PSOLA,882.0077493686478,440.95,881.9,1.0,0.002917887685043752,0.9970009182924059,1.0,upper_branch
2.0,psola,PSOLA,882.0307603377066,441.0,882.0,1.0,0.002867458556465863,0.9970399016081715,1.0,upper_branch
2.1,psola,PSOLA,882.0537282497055,441.05,882.1,1.0,0.0028571179345817654,0.9970786081314743,1.0,upper_branch
2.2,psola,PSOLA,882.0766909972335,441.1,882.2,1.0,0.0028311443940083336,0.9971254238649822,1.0,upper_branch
2.3,psola,PSOLA,882.0997049339215,441.15,882.3,1.0,0.0027692052243537546,0.9971932632755116,1.0,upper_branch
2.4,psola,PSOLA,882.1229152860302,441.2,882.4,1.0,0.0033607659520384914,0.9973265078487563,1.0,upper_branch
2.5,psola,PSOLA,882.1459697996071,441.25,882.5,1.0,0.004624787272859976,0.9976074794517261,1.0,upper_branch
2.6,psola,PSOLA,882.1692239468462,441.3,882.6,1.0,0.006614465002940051,0.9959933025082212,1.0,upper_branch
2.7,psola,PSOLA,882.1924679017933,441.35,882.7,1.0,0.006002769322662971,0.9965052453154191,1.0,upper_branch
2.8,psola,PSOLA,882.2153470488844,441.4,882.8,1.0,0.005841429118845554,0.9966485408004219,1.0,upper_branch
2.9,psola,PSOLA,882.2384029942052,441.45,882.9,1.0,0.006131792711698836,0.9967259187864758,1.0,upper_branch
3.0,psola,PSOLA,882.2612309685511,441.5,883.0,1.0,0.005953384186568655,0.9967832628332624,1.0,upper_branch
3.1,psola,PSOLA,882.2842354021936,441.55,883.1,1.0,0.006179028103019846,0.9968383564835669,1.0,upper_branch
3.2,psola,PSOLA,882.3071596389193,441.6,883.2,1.0,0.0058563867903558275,0.9968998984311519,1.0,upper_branch
3.3,psola,PSOLA,882.3302266329722,441.65,883.3,1.0,0.005108606129624604,0.9969838910148361,1.0,upper_branch
3.4,psola,PSOLA,882.3533658147848,441.7,883.4,1.0,0.006519920037931115,0.997134233814749,1.0,upper_branch
3.5,psola,PSOLA,882.3765448365696,441.75,883.5,1.0,0.00800361160418106,0.997351679297867,1.0,upper_branch
3.6,psola,PSOLA,882.3999666827339,441.8,883.6,1.0,0.010246953743603626,0.9954312039920142,1.0,upper_branch
3.7,psola,PSOLA,882.4232759449959,441.85,883.7,1.0,0.010062457970320793,0.9960783457203801,1.0,upper_branch
3.8,psola,PSOLA,882.4462415809229,441.9,883.8,1.0,0.009940273985193926,0.996309701152376,1.0,upper_branch
3.9,psola,PSOLA,882.4694009817854,441.95,883.9,1.0,0.008962951533931118,0.9964217884287891,1.0,upper_branch
4.0,psola,PSOLA,882.4922001970868,442.0,884.0,1.0,0.010092788645579276,0.9965021752067231,1.0,upper_branch
4.1,psola,PSOLA,882.5148287423971,442.05,884.1,1.0,0.011233156440084713,0.9965735002144575,1.0,upper_branch
4.2,psola,PSOLA,882.5378688730693,442.1,884.2,1.0,0.009835847606154857,0.9966477412399827,1.0,upper_branch
4.3,psola,PSOLA,882.5612779508565,442.15,884.3,1.0,0.008321788745547565,0.9967445306743533,1.0,upper_branch
4.4,psola,PSOLA,882.584078444859,442.2,884.4,1.0,0.010443573984048271,0.9969029519215256,1.0,upper_branch
4.5,psola,PSOLA,882.6073980969655,442.25,884.5,1.0,0.012174665420616293,0.9970731655479386,1.0,upper_branch
4.6,psola,PSOLA,882.6308491537412,442.3,884.6,1.0,0.014419669991411865,0.9950527336867491,1.0,upper_branch
4.7,psola,PSOLA,882.6541352174911,442.35,884.7,1.0,0.014745439315106523,0.9955991208731708,1.0,upper_branch
4.8,psola,PSOLA,882.6771829037882,442.4,884.8,1.0,0.014176267763218675,0.9959318144024639,1.0,upper_branch
4.9,psola,PSOLA,882.7000810499532,442.45,884.9,1.0,0.014157239108271824,0.9960886443945712,1.0,upper_branch
5.0,psola,PSOLA,882.7227489692857,442.5,885.0,1.0,0.013904657025250344,0.9961918274774344,1.0,upper_branch
0.0,phase_vocoder,Phase Vocoder,439.40026355973674,440.0,880.0,0.0,5.348644265268376e-06,0.9945884637302482,1.0,lower_branch
0.1,phase_vocoder,Phase Vocoder,439.4501803068433,440.05,880.1,0.0,5.674839087532746e-06,0.9939888676841682,1.0,lower_branch
0.2,phase_vocoder,Phase Vocoder,439.50015741554,440.1,880.2,0.0,0.00012894419052145167,0.9933139627983969,1.0,lower_branch
0.3,phase_vocoder,Phase Vocoder,439.5503455349772,440.15,880.3,0.0,0.002938451642535256,0.9935003155157495,1.0,lower_branch
0.4,phase_vocoder,Phase Vocoder,439.60128717020723,440.2,880.4,0.0,0.0220671157861716,0.9939829284967724,1.0,lower_branch
0.5,phase_vocoder,Phase Vocoder,439.6681276563207,440.25,880.5,0.0,0.062028537468791,0.9945879630515325,1.0,lower_branch
0.6,phase_vocoder,Phase Vocoder,439.71577951707224,440.3,880.6,0.0,0.03047230155283387,0.9952515176089137,1.0,lower_branch
0.7,phase_vocoder,Phase Vocoder,439.7770882796986,440.35,880.7,0.0,0.07017117365859349,0.9953214482096326,1.0,lower_branch
0.8,phase_vocoder,Phase Vocoder,439.878893092397,440.4,880.8,0.0,0.23744922364591048,0.994128380940282,1.0,lower_branch
0.9,phase_vocoder,Phase Vocoder,439.92169256932357,440.45,880.9,0.0,0.2278885608117207,0.9951993440330907,1.0,lower_branch
1.0,phase_vocoder,Phase Vocoder,439.9126337425966,440.5,881.0,0.0,0.034396582683314136,0.9942441980776973,1.0,lower_branch
1.1,phase_vocoder,Phase Vocoder,439.96315306169555,440.55,881.1,0.0,0.03376666912777182,0.9937405577588866,1.0,lower_branch
1.2,phase_vocoder,Phase Vocoder,440.096491693688,440.6,881.2,0.0,0.15882356257623087,0.9953757598261814,1.0,lower_branch
1.3,phase_vocoder,Phase Vocoder,440.0892900713749,440.65,881.3,0.0,0.11730979479000325,0.9890839618590364,1.0,lower_branch
1.4,phase_vocoder,Phase Vocoder,440.1292145920723,440.7,881.4,0.0,0.09633120567048081,0.9944740511321181,1.0,lower_branch
1.5,phase_vocoder,Phase Vocoder,440.20035227174407,440.75,881.5,0.0,0.20376504483760982,0.9943645677255033,1.0,lower_branch
1.6,phase_vocoder,Phase Vocoder,440.2225848326624,440.8,881.6,0.0,0.045610811035317056,0.9948167162282021,1.0,lower_branch
1.7,phase_vocoder,Phase Vocoder,440.38671650515727,440.85,881.7,0.0,0.4808596607536515,0.9938671077137952,1.0,lower_branch
1.8,phase_vocoder,Phase Vocoder,440.4362026318529,440.9,881.8,0.0,0.5891169879938047,0.9946540282767166,1.0,lower_branch
1.9,phase_vocoder,Phase Vocoder,440.51162099861864,440.95,881.9,0.0,0.5774410992670482,0.9950892158784004,1.0,lower_branch
2.0,phase_vocoder,Phase Vocoder,440.4813402869706,441.0,882.0,0.0,0.1647448637739899,0.9938273749476919,1.0,lower_branch
2.1,phase_vocoder,Phase Vocoder,440.5344496194727,441.05,882.1,0.0,0.1735698192937889,0.9935762138654434,1.0,lower_branch
2.2,phase_vocoder,Phase Vocoder,440.53708771994127,441.1,882.2,0.0,0.2511095207061089,0.9935798481703716,1.0,lower_branch
2.3,phase_vocoder,Phase Vocoder,440.59188475620937,441.15,882.3,0.0,0.19155994095541473,0.9942803430915496,1.0,lower_branch
2.4,phase_vocoder,Phase Vocoder,440.6499222904888,441.2,882.4,0.0,1.0107014367540614,0.9939183999009251,1.0,lower_branch
2.5,phase_vocoder,Phase Vocoder,440.70301532846673,441.25,882.5,0.0,0.13013401744876774,0.9938323367137111,1.0,lower_branch
2.6,phase_vocoder,Phase Vocoder,440.7411297644924,441.3,882.6,0.0,0.1690642138687508,0.9939188585879657,1.0,lower_branch
2.7,phase_vocoder,Phase Vocoder,440.79530485731675,441.35,882.7,0.0,0.395247654407342,0.9950797582212235,1.0,lower_branch
2.8,phase_vocoder,Phase Vocoder,440.84516711676355,441.4,882.8,0.0,0.10103270137489062,0.9946537363509635,1.0,lower_branch
2.9,phase_vocoder,Phase Vocoder,440.8528294395918,441.45,882.9,0.0,0.07336375568570475,0.9931432341147979,1.0,lower_branch
3.0,phase_vocoder,Phase Vocoder,440.87946746600244,441.5,883.0,0.0,0.1426751224072973,0.992882645939731,1.0,lower_branch
3.1,phase_vocoder,Phase Vocoder,440.8892356191914,441.55,883.1,0.0,0.7000870489426347,0.9925974196529208,1.0,lower_branch
3.2,phase_vocoder,Phase Vocoder,440.92316594519167,441.6,883.2,0.0,0.23157975668431163,0.9942028504183029,1.0,lower_branch
3.3,phase_vocoder,Phase Vocoder,441.00270076338137,441.65,883.3,0.0,0.10424228348745146,0.9939172787382003,1.0,lower_branch
3.4,phase_vocoder,Phase Vocoder,440.9106105400767,441.7,883.4,0.0,1.0599765402247385,0.9939820220758319,1.0,lower_branch
3.5,phase_vocoder,Phase Vocoder,441.1131711216201,441.75,883.5,0.0,0.5558509960935112,0.9928531843656762,1.0,lower_branch
3.6,phase_vocoder,Phase Vocoder,440.94992672998103,441.8,883.6,0.0,1.3256459557242124,0.9948105851255505,1.0,lower_branch
3.7,phase_vocoder,Phase Vocoder,441.06419754713573,441.85,883.7,0.0,1.0217865421896022,0.9942382938144227,1.0,lower_branch
3.8,phase_vocoder,Phase Vocoder,441.0204544358,441.9,883.8,0.0,1.326644790636749,0.9937686361494833,1.0,lower_branch
3.9,phase_vocoder,Phase Vocoder,441.28558443080215,441.95,883.9,0.0,0.16402711919465673,0.9928852981193279,1.0,lower_branch
4.0,phase_vocoder,Phase Vocoder,440.8570728615639,442.0,884.0,0.0,1.301689549921548,0.9928431552489457,1.0,lower_branch
4.1,phase_vocoder,Phase Vocoder,441.01220881144695,442.05,884.1,0.0,1.1305382805903719,0.9922366546838352,1.0,lower_branch
4.2,phase_vocoder,Phase Vocoder,441.1585427761531,442.1,884.2,0.0,2.2057530796037668,0.9930247020809346,1.0,lower_branch
4.3,phase_vocoder,Phase Vocoder,440.8417817069886,442.15,884.3,0.0,1.2362041983841436,0.9942425463066651,1.0,lower_branch
4.4,phase_vocoder,Phase Vocoder,441.5686547331289,442.2,884.4,0.0,2.589657559847012,0.9940330889673228,1.0,lower_branch
4.5,phase_vocoder,Phase Vocoder,441.4457359434166,442.25,884.5,0.0,1.6425849179552188,0.9920862541760163,1.0,lower_branch
4.6,phase_vocoder,Phase Vocoder,442.04138372084043,442.3,884.6,0.0,2.5087457036058822,0.9933758946200548,1.0,lower_branch
4.7,phase_vocoder,Phase Vocoder,440.4262308384699,442.35,884.7,0.0,2.6122023281807287,0.9936311043387632,1.0,lower_branch
4.8,phase_vocoder,Phase Vocoder,441.4196596344733,442.4,884.8,0.0,0.8046441626222531,0.9934957615959965,1.0,lower_branch
4.9,phase_vocoder,Phase Vocoder,440.4784557792855,442.45,884.9,0.0,2.441935694929896,0.9928333541491828,1.0,lower_branch
5.0,phase_vocoder,Phase Vocoder,441.21350716618787,442.5,885.0,0.0,2.769285632442177,0.9917086808301149,1.0,lower_branch
0.0,rubber_band,Rubber Band,446.48810025585794,440.0,880.0,0.04878048780487805,0.35123729097745127,0.915560410305654,0.9425287356321839,lower_branch
0.1,rubber_band,Rubber Band,446.492001786112,440.05,880.1,0.04878048780487805,0.39350215331148775,0.9155623291457362,0.9425287356321839,lower_branch
0.2,rubber_band,Rubber Band,446.52333357731925,440.1,880.2,0.04878048780487805,0.39017499154442703,0.9155748769052984,0.9425287356321839,lower_branch
0.3,rubber_band,Rubber Band,446.576436238393,440.15,880.3,0.04878048780487805,0.4599121720166295,0.9151901594763142,0.9425287356321839,lower_branch
0.4,rubber_band,Rubber Band,446.52533090992296,440.2,880.4,0.04878048780487805,0.5546808124537392,0.9151543136603334,0.9425287356321839,lower_branch
0.5,rubber_band,Rubber Band,446.49017735589587,440.25,880.5,0.04878048780487805,0.5371536932483423,0.9152100514161731,0.9425287356321839,lower_branch
0.6,rubber_band,Rubber Band,446.5294164327651,440.3,880.6,0.04878048780487805,0.41717126172704866,0.9151915219086785,0.9425287356321839,lower_branch
0.7,rubber_band,Rubber Band,446.6029491756414,440.35,880.7,0.04878048780487805,0.5328852333163354,0.9151990076416866,0.9425287356321839,lower_branch
0.8,rubber_band,Rubber Band,446.6579642336192,440.4,880.8,0.04878048780487805,0.7574203850044796,0.9150022517599317,0.9425287356321839,lower_branch
0.9,rubber_band,Rubber Band,446.6111163138649,440.45,880.9,0.04878048780487805,0.803524030732433,0.9147949005594216,0.9425287356321839,lower_branch
1.0,rubber_band,Rubber Band,446.6712233359504,440.5,881.0,0.04878048780487805,0.7266495316179089,0.9146453743836084,0.9425287356321839,lower_branch
1.1,rubber_band,Rubber Band,446.6923528143919,440.55,881.1,0.04878048780487805,0.7201667084842711,0.9148082737746499,0.9425287356321839,lower_branch
1.2,rubber_band,Rubber Band,446.68598099153195,440.6,881.2,0.04878048780487805,0.7843038284256636,0.914923584385337,0.9425287356321839,lower_branch
1.3,rubber_band,Rubber Band,446.82330524231736,440.65,881.3,0.04878048780487805,0.8354423788956638,0.9150215920652959,0.9425287356321839,lower_branch
1.4,rubber_band,Rubber Band,446.8302201375052,440.7,881.4,0.04878048780487805,0.9442528442148159,0.9145682117689691,0.9425287356321839,lower_branch
1.5,rubber_band,Rubber Band,446.7190876918959,440.75,881.5,0.04878048780487805,1.2482414367519823,0.9143684262456216,0.9425287356321839,lower_branch
1.6,rubber_band,Rubber Band,446.70366920987055,440.8,881.6,0.04878048780487805,1.2063003315537344,0.9144985280109765,0.9425287356321839,lower_branch
1.7,rubber_band,Rubber Band,446.70612085626266,440.85,881.7,0.04878048780487805,1.083266453342162,0.9147464375950243,0.9425287356321839,lower_branch
1.8,rubber_band,Rubber Band,446.80196702592116,440.9,881.8,0.04878048780487805,1.218789338074771,0.915161728624302,0.9425287356321839,lower_branch
1.9,rubber_band,Rubber Band,446.8223795131378,440.95,881.9,0.04878048780487805,1.3246639268312492,0.9143868617882925,0.9425287356321839,lower_branch
2.0,rubber_band,Rubber Band,446.862975009059,441.0,882.0,0.04878048780487805,1.4912769463363702,0.9142213641619751,0.9425287356321839,lower_branch
2.1,rubber_band,Rubber Band,446.8393407058963,441.05,882.1,0.04878048780487805,1.4954423800422205,0.9145260689844059,0.9425287356321839,lower_branch
2.2,rubber_band,Rubber Band,446.9621088232652,441.1,882.2,0.04878048780487805,1.399854380348586,0.9143855636940339,0.9425287356321839,lower_branch
2.3,rubber_band,Rubber Band,446.91226076744545,441.15,882.3,0.04878048780487805,1.6777767700187383,0.9140652083345238,0.9425287356321839,lower_branch
2.4,rubber_band,Rubber Band,446.9210624221314,441.2,882.4,0.04878048780487805,1.2873354416409484,0.9144573192864783,0.9425287356321839,lower_branch
2.5,rubber_band,Rubber Band,446.9015281517343,441.25,882.5,0.04878048780487805,1.2229107150802179,0.9143138785943361,0.9425287356321839,lower_branch
2.6,rubber_band,Rubber Band,447.0327233613866,441.3,882.6,0.04878048780487805,1.5771813891744273,0.9142752526988878,0.9425287356321839,lower_branch
2.7,rubber_band,Rubber Band,447.11702531022183,441.35,882.7,0.04878048780487805,1.4304126791080876,0.9148823458198273,0.9425287356321839,lower_branch
2.8,rubber_band,Rubber Band,447.17770322709305,441.4,882.8,0.04878048780487805,1.8645567688209894,0.9133801460002574,0.9425287356321839,lower_branch
2.9,rubber_band,Rubber Band,447.2165119381764,441.45,882.9,0.04878048780487805,1.7249036366958421,0.9139186199215615,0.9425287356321839,lower_branch
3.0,rubber_band,Rubber Band,447.25434255933396,441.5,883.0,0.04878048780487805,1.5096069489042634,0.9144255555737633,0.9425287356321839,lower_branch
3.1,rubber_band,Rubber Band,447.1902554030369,441.55,883.1,0.04878048780487805,1.5182739866392012,0.914034951628216,0.9425287356321839,lower_branch
3.2,rubber_band,Rubber Band,447.29675933847966,441.6,883.2,0.04878048780487805,1.6710267698765051,0.9145931353926163,0.9425287356321839,lower_branch
3.3,rubber_band,Rubber Band,447.3330909233781,441.65,883.3,0.04878048780487805,1.8805637058408706,0.9130589765629473,0.9425287356321839,lower_branch
3.4,rubber_band,Rubber Band,447.1911761292607,441.7,883.4,0.04878048780487805,1.8661710454792342,0.9141121184946902,0.9425287356321839,lower_branch
3.5,rubber_band,Rubber Band,447.28403819197337,441.75,883.5,0.060240963855421686,1.775261080421842,0.9152778119541639,0.9540229885057471,lower_branch
3.6,rubber_band,Rubber Band,447.2979661776592,441.8,883.6,0.04878048780487805,1.897106445679583,0.9140398855310394,0.9425287356321839,lower_branch
3.7,rubber_band,Rubber Band,447.2251964359087,441.85,883.7,0.060240963855421686,2.066437953928016,0.9148870627689094,0.9540229885057471,lower_branch
3.8,rubber_band,Rubber Band,447.41709159044854,441.9,883.8,0.04878048780487805,1.8140332683311158,0.9126126972541688,0.9425287356321839,lower_branch
3.9,rubber_band,Rubber Band,447.6460667205414,441.95,883.9,0.046511627906976744,2.4280355202456008,0.9347344490103784,0.9885057471264368,lower_branch
4.0,rubber_band,Rubber Band,447.51818193655765,442.0,884.0,0.04878048780487805,1.8329471674914544,0.9139840636158616,0.9425287356321839,lower_branch
4.1,rubber_band,Rubber Band,447.7091633124925,442.05,884.1,0.04878048780487805,1.5722636645888883,0.9137759336764328,0.9425287356321839,lower_branch
4.2,rubber_band,Rubber Band,447.67647694410573,442.1,884.2,0.060240963855421686,1.7709974046073285,0.9144298084660301,0.9540229885057471,lower_branch
4.3,rubber_band,Rubber Band,447.76553189042556,442.15,884.3,0.04878048780487805,1.4357061113068994,0.9122295980086458,0.9425287356321839,lower_branch
4.4,rubber_band,Rubber Band,447.84220323561976,442.2,884.4,0.046511627906976744,1.8930573568172235,0.9344832199144963,0.9885057471264368,lower_branch
4.5,rubber_band,Rubber Band,448.0220951060383,442.25,884.5,0.060240963855421686,1.4045066187903785,0.9143026192778909,0.9540229885057471,lower_branch
4.6,rubber_band,Rubber Band,448.02936081273003,442.3,884.6,0.09302325581395349,1.7968539810214565,0.9199164003412527,0.9885057471264368,lower_branch
4.7,rubber_band,Rubber Band,448.1289475623264,442.35,884.7,0.09302325581395349,1.7555848798120905,0.9298488117792302,0.9885057471264368,lower_branch
4.8,rubber_band,Rubber Band,447.8590632159305,442.4,884.8,0.04878048780487805,1.6715584764731375,0.9123020607968817,0.9425287356321839,lower_branch
4.9,rubber_band,Rubber Band,448.3568466721747,442.45,884.9,0.04878048780487805,1.8395473726162663,0.9117131985154412,0.9425287356321839,lower_branch
5.0,rubber_band,Rubber Band,448.4133431973268,442.5,885.0,0.04878048780487805,1.9298678005904435,0.9131095415183246,0.9425287356321839,lower_branch
0.0,wsola,WSOLA,446.46602892387506,440.0,880.0,0.04878048780487805,0.07875724611642454,0.9150586265034273,0.9425287356321839,lower_branch
0.1,wsola,WSOLA,446.4828404842207,440.05,880.1,0.04878048780487805,0.0788194445022441,0.9150583761259544,0.9425287356321839,lower_branch
0.2,wsola,WSOLA,446.53303604884394,440.1,880.2,0.04878048780487805,0.10245344483320196,0.9150816680642274,0.9425287356321839,lower_branch
0.3,wsola,WSOLA,446.5748415192705,440.15,880.3,0.04878048780487805,0.24351433241753284,0.9146830374992382,0.9425287356321839,lower_branch
0.4,wsola,WSOLA,446.5585419686339,440.2,880.4,0.04878048780487805,0.370181836519464,0.9146368360404861,0.9425287356321839,lower_branch
0.5,wsola,WSOLA,446.50837470656404,440.25,880.5,0.04878048780487805,0.3315373940819768,0.9146453347781786,0.9425287356321839,lower_branch
0.6,wsola,WSOLA,446.55482821847204,440.3,880.6,0.04878048780487805,0.4124920699272252,0.9146630155673403,0.9425287356321839,lower_branch
0.7,wsola,WSOLA,446.6407685806146,440.35,880.7,0.04878048780487805,0.3579998892793128,0.9147802946008018,0.9425287356321839,lower_branch
0.8,wsola,WSOLA,446.6646710697079,440.4,880.8,0.04878048780487805,0.5382098920920839,0.9144566545041821,0.9425287356321839,lower_branch
0.9,wsola,WSOLA,446.6281770297774,440.45,880.9,0.04878048780487805,0.6363542710349179,0.9142632647970125,0.9425287356321839,lower_branch
1.0,wsola,WSOLA,446.596684391175,440.5,881.0,0.04878048780487805,0.7011042039563335,0.9141585884697214,0.9425287356321839,lower_branch
1.1,wsola,WSOLA,446.5533947379362,440.55,881.1,0.04878048780487805,0.6519384036254223,0.91429052587387,0.9425287356321839,lower_branch
1.2,wsola,WSOLA,446.66341765200707,440.6,881.2,0.04878048780487805,0.6383300536791694,0.9145283163464404,0.9425287356321839,lower_branch
1.3,wsola,WSOLA,446.7690217445747,440.65,881.3,0.04878048780487805,0.8270004475448332,0.9147001479616538,0.9425287356321839,lower_branch
1.4,wsola,WSOLA,446.8009270710645,440.7,881.4,0.04878048780487805,0.9303266038971856,0.914121805846247,0.9425287356321839,lower_branch
1.5,wsola,WSOLA,446.77744694728835,440.75,881.5,0.04878048780487805,0.9996981866025862,0.9139012436528976,0.9425287356321839,lower_branch
1.6,wsola,WSOLA,446.7362389210334,440.8,881.6,0.04878048780487805,1.0763541854633445,0.9139769529101072,0.9425287356321839,lower_branch
1.7,wsola,WSOLA,446.63918587813623,440.85,881.7,0.04878048780487805,0.9514777364371412,0.9142817849742821,0.9425287356321839,lower_branch
1.8,wsola,WSOLA,446.760733731444,440.9,881.8,0.04878048780487805,1.161872807769896,0.9146362751627821,0.9425287356321839,lower_branch
1.9,wsola,WSOLA,446.83675525818467,440.95,881.9,0.04878048780487805,1.137744823849573,0.9137613547380646,0.9425287356321839,lower_branch
2.0,wsola,WSOLA,446.8232751460224,441.0,882.0,0.04878048780487805,1.3435587015106307,0.9136683263924424,0.9425287356321839,lower_branch
2.1,wsola,WSOLA,446.77841346685244,441.05,882.1,0.04878048780487805,1.3838387592775803,0.9139749773521832,0.9425287356321839,lower_branch
2.2,wsola,WSOLA,446.82906415026537,441.1,882.2,0.04878048780487805,1.2849598098144952,0.9139200696767128,0.9425287356321839,lower_branch
2.3,wsola,WSOLA,446.87205516337946,441.15,882.3,0.04878048780487805,1.3894832501657675,0.9136447057004551,0.9425287356321839,lower_branch
2.4,wsola,WSOLA,446.95840475504116,441.2,882.4,0.04878048780487805,1.4471732123224115,0.9138508313886528,0.9425287356321839,lower_branch
2.5,wsola,WSOLA,446.97510150910887,441.25,882.5,0.04878048780487805,1.5738405171128989,0.9134910371834128,0.9425287356321839,lower_branch
2.6,wsola,WSOLA,446.9724858937864,441.3,882.6,0.04878048780487805,1.6112560844709378,0.9138413028284114,0.9425287356321839,lower_branch
2.7,wsola,WSOLA,447.1054444218629,441.35,882.7,0.04878048780487805,1.696664756406733,0.9144398291393069,0.9425287356321839,lower_branch
2.8,wsola,WSOLA,447.09454582090905,441.4,882.8,0.04878048780487805,1.6440963829436441,0.9127512764893551,0.9425287356321839,lower_branch
2.9,wsola,WSOLA,447.21691165782033,441.45,882.9,0.04878048780487805,1.8575507882470674,0.913547422777953,0.9425287356321839,lower_branch
3.0,wsola,WSOLA,447.30509989786424,441.5,883.0,0.04878048780487805,1.5528288775668102,0.9138433306871026,0.9425287356321839,lower_branch
3.1,wsola,WSOLA,447.15915224851585,441.55,883.1,0.04878048780487805,1.6548152131717302,0.9134490930711852,0.9425287356321839,lower_branch
3.2,wsola,WSOLA,447.2223550718393,441.6,883.2,0.04878048780487805,1.52369345324621,0.9136176977015606,0.9425287356321839,lower_branch
3.3,wsola,WSOLA,447.1537718996373,441.65,883.3,0.04878048780487805,1.7234222408706046,0.9122355012398258,0.9425287356321839,lower_branch
3.4,wsola,WSOLA,447.2457154025979,441.7,883.4,0.04878048780487805,1.698600689162447,0.9132347691254742,0.9425287356321839,lower_branch
3.5,wsola,WSOLA,447.21082159134454,441.75,883.5,0.060240963855421686,1.932377627775793,0.9147150719560898,0.9540229885057471,lower_branch
3.6,wsola,WSOLA,447.3884935553383,441.8,883.6,0.060240963855421686,2.0251258063702835,0.9142835846180593,0.9540229885057471,lower_branch
3.7,wsola,WSOLA,447.3451124479661,441.85,883.7,0.060240963855421686,2.200064075548255,0.9171745517864118,0.9540229885057471,lower_branch
3.8,wsola,WSOLA,447.3906645060414,441.9,883.8,0.04878048780487805,1.9392421140422584,0.9123465095273919,0.9425287356321839,lower_branch
3.9,wsola,WSOLA,447.5840565382982,441.95,883.9,0.060240963855421686,2.3569664709424956,0.9163100744032384,0.9540229885057471,lower_branch
4.0,wsola,WSOLA,447.51815795048503,442.0,884.0,0.04878048780487805,2.037968234098969,0.9133316201149659,0.9425287356321839,lower_branch
4.1,wsola,WSOLA,447.6799884260928,442.05,884.1,0.060240963855421686,1.755580423123206,0.9145037153153764,0.9540229885057471,lower_branch
4.2,wsola,WSOLA,447.68136627408387,442.1,884.2,0.060240963855421686,1.8102315678955279,0.9138246470542832,0.9540229885057471,lower_branch
4.3,wsola,WSOLA,447.7689165169473,442.15,884.3,0.04878048780487805,1.4020444083874395,0.9113271953528826,0.9425287356321839,lower_branch
4.4,wsola,WSOLA,447.8057636575258,442.2,884.4,0.04878048780487805,1.4612483481928393,0.9116010359254345,0.9425287356321839,lower_branch
4.5,wsola,WSOLA,447.8727672840018,442.25,884.5,0.04878048780487805,1.2987161254143302,0.9131585478202096,0.9425287356321839,lower_branch
4.6,wsola,WSOLA,447.9332182329133,442.3,884.6,0.09302325581395349,1.702015314255732,0.9193909911858806,0.9885057471264368,lower_branch
4.7,wsola,WSOLA,448.08211377170136,442.35,884.7,0.09302325581395349,1.6058181458372474,0.9306587265578397,0.9885057471264368,lower_branch
4.8,wsola,WSOLA,448.14974692233466,442.4,884.8,0.04878048780487805,1.461126556574186,0.9116758266337074,0.9425287356321839,lower_branch
4.9,wsola,WSOLA,448.3563461252386,442.45,884.9,0.04878048780487805,1.9111804693544059,0.9112754928649028,0.9425287356321839,lower_branch
5.0,wsola,WSOLA,448.60292903461965,442.5,885.0,0.04878048780487805,2.1018894594623134,0.9125090108113264,0.9425287356321839,lower_branch
