depth_semitones,rate_hz,shift_semitones,preflight_risk_score,preflight_risk_level,preflight_high_risk,preflight_reasons,catastrophic_threshold,catastrophic_fixed_count,catastrophic_any_fixed,preflight_outcome,worst_fixed_algorithm,worst_fixed_algorithm_label,worst_fixed_composite_stress,safest_fixed_algorithm,safest_fixed_algorithm_label,safest_fixed_composite_stress,pitch_valid_fraction,median_pitch_hz,pitch_iqr_cents,spectral_flatness,spectral_centroid_hz,spectral_bandwidth_hz,transient_score,crest_factor,zero_crossing_rate
0.0,2.0,-12,0.45,high,True,periodic_representation_bias|large_shift,0.521861434335958,1,True,caught,wsola,WSOLA,0.5947147202023889,phase_vocoder,Phase Vocoder,0.05113941151394158,1.0,220.04400624093478,4.2039015447302205e-06,1.063558721599303e-06,222.74882239034898,20.606446437322152,1.019673897862927,1.4142132035275572,0.01995510102269893
0.0,2.0,3,0.25,medium,False,periodic_representation_bias,0.521861434335958,0,False,safe,wsola,WSOLA,0.494029380599679,phase_vocoder,Phase Vocoder,0.0032464111038206715,1.0,220.04400624093478,4.2039015447302205e-06,1.063558721599303e-06,222.74882239034898,20.606446437322152,1.019673897862927,1.4142132035275572,0.01995510102269893
0.0,2.0,7,0.33,high,True,periodic_representation_bias|moderate_shift,0.521861434335958,1,True,caught,wsola,WSOLA,0.5859030079120474,phase_vocoder,Phase Vocoder,0.04317789628916052,1.0,220.04400624093478,4.2039015447302205e-06,1.063558721599303e-06,222.74882239034898,20.606446437322152,1.019673897862927,1.4142132035275572,0.01995510102269893
0.0,2.0,12,0.45,high,True,periodic_representation_bias|large_shift,0.521861434335958,0,False,false_alarm,wsola,WSOLA,0.43580087570863196,psola,PSOLA,0.05092382773538406,1.0,220.04400624093478,4.2039015447302205e-06,1.063558721599303e-06,222.74882239034898,20.606446437322152,1.019673897862927,1.4142132035275572,0.01995510102269893
0.025,2.0,-12,0.45,high,True,periodic_representation_bias|large_shift,0.521861434335958,1,True,caught,wsola,WSOLA,0.5609366784651085,phase_vocoder,Phase Vocoder,0.051145378801561836,1.0,220.02361414557285,3.2947923706656352,1.0636054272600088e-06,222.74998334476373,20.604456689541202,1.0196270251048325,1.4142139284381359,0.01995510102269893
0.025,2.0,3,0.25,medium,False,periodic_representation_bias,0.521861434335958,0,False,safe,wsola,WSOLA,0.4944052558849472,phase_vocoder,Phase Vocoder,0.003142047411288529,1.0,220.02361414557285,3.2947923706656352,1.0636054272600088e-06,222.74998334476373,20.604456689541202,1.0196270251048325,1.4142139284381359,0.01995510102269893
0.025,2.0,7,0.33,high,True,periodic_representation_bias|moderate_shift,0.521861434335958,1,True,caught,wsola,WSOLA,0.5911849780914893,phase_vocoder,Phase Vocoder,0.043150564762792006,1.0,220.02361414557285,3.2947923706656352,1.0636054272600088e-06,222.74998334476373,20.604456689541202,1.0196270251048325,1.4142139284381359,0.01995510102269893
0.025,2.0,12,0.45,high,True,periodic_representation_bias|large_shift,0.521861434335958,0,False,false_alarm,wsola,WSOLA,0.44252564543454387,psola,PSOLA,0.05911302462651516,1.0,220.02361414557285,3.2947923706656352,1.0636054272600088e-06,222.74998334476373,20.604456689541202,1.0196270251048325,1.4142139284381359,0.01995510102269893
0.05,2.0,-12,0.45,high,True,periodic_representation_bias|large_shift,0.521861434335958,1,True,caught,wsola,WSOLA,0.5796635317720584,phase_vocoder,Phase Vocoder,0.05113824555583948,1.0,220.0149889060759,6.540102501470324,1.0637286693565244e-06,222.75340333783882,20.598395612379463,1.0200634431629534,1.4142150341424002,0.01995510102269893
0.05,2.0,3,0.25,medium,False,periodic_representation_bias,0.521861434335958,0,False,safe,wsola,WSOLA,0.5098009080639233,phase_vocoder,Phase Vocoder,0.0031720487023544144,1.0,220.0149889060759,6.540102501470324,1.0637286693565244e-06,222.75340333783882,20.598395612379463,1.0200634431629534,1.4142150341424002,0.01995510102269893
0.05,2.0,7,0.33,high,True,periodic_representation_bias|moderate_shift,0.521861434335958,1,True,caught,wsola,WSOLA,0.5901182691730426,phase_vocoder,Phase Vocoder,0.04321277859224696,1.0,220.0149889060759,6.540102501470324,1.0637286693565244e-06,222.75340333783882,20.598395612379463,1.0200634431629534,1.4142150341424002,0.01995510102269893
0.05,2.0,12,0.45,high,True,periodic_representation_bias|large_shift,0.521861434335958,0,False,false_alarm,wsola,WSOLA,0.41422172284631203,psola,PSOLA,0.06954732068956947,1.0,220.0149889060759,6.540102501470324,1.0637286693565244e-06,222.75340333783882,20.598395612379463,1.0200634431629534,1.4142150341424002,0.01995510102269893
0.1,2.0,-12,0.45,high,True,periodic_representation_bias|large_shift,0.521861434335958,1,True,caught,wsola,WSOLA,0.5670849136319744,phase_vocoder,Phase Vocoder,0.051086940590332176,1.0,220.0217915983396,13.081780581699755,1.0640400370627376e-06,222.76697580771358,20.573817429179673,1.0216834270355395,1.4142194414717246,0.01995510102269893
0.1,2.0,3,0.25,medium,False,periodic_representation_bias,0.521861434335958,0,False,safe,wsola,WSOLA,0.4996051978443279,phase_vocoder,Phase Vocoder,0.0034638018734552776,1.0,220.0217915983396,13.081780581699755,1.0640400370627376e-06,222.76697580771358,20.573817429179673,1.0216834270355395,1.4142194414717246,0.01995510102269893
0.1,2.0,7,0.33,high,True,periodic_representation_bias|moderate_shift,0.521861434335958,1,True,caught,wsola,WSOLA,0.591472217264512,phase_vocoder,Phase Vocoder,0.043607917357085364,1.0,220.0217915983396,13.081780581699755,1.0640400370627376e-06,222.76697580771358,20.573817429179673,1.0216834270355395,1.4142194414717246,0.01995510102269893
0.1,2.0,12,0.45,high,True,periodic_representation_bias|large_shift,0.521861434335958,0,False,false_alarm,wsola,WSOLA,0.45066629136295244,psola,PSOLA,0.07569407920447245,1.0,220.0217915983396,13.081780581699755,1.0640400370627376e-06,222.76697580771358,20.573817429179673,1.0216834270355395,1.4142194414717246,0.01995510102269893
0.2,2.0,-12,0.45,high,True,periodic_representation_bias|large_shift,0.521861434335958,1,True,caught,wsola,WSOLA,0.5688976078345951,phase_vocoder,Phase Vocoder,0.0506983961727421,1.0,220.00175071794317,26.165306006193273,1.0624417956089202e-06,222.81846618040464,20.47185529896918,1.0228615102578422,1.4142368552874949,0.01995510102269893
0.2,2.0,3,0.25,medium,False,periodic_representation_bias,0.521861434335958,0,False,safe,wsola,WSOLA,0.5013190902830517,phase_vocoder,Phase Vocoder,0.00473126045017096,1.0,220.00175071794317,26.165306006193273,1.0624417956089202e-06,222.81846618040464,20.47185529896918,1.0228615102578422,1.4142368552874949,0.01995510102269893
0.2,2.0,7,0.33,high,True,periodic_representation_bias|moderate_shift,0.521861434335958,1,True,caught,wsola,WSOLA,0.5872116156607909,phase_vocoder,Phase Vocoder,0.044668933962183084,1.0,220.00175071794317,26.165306006193273,1.0624417956089202e-06,222.81846618040464,20.47185529896918,1.0228615102578422,1.4142368552874949,0.01995510102269893
0.2,2.0,12,0.45,high,True,periodic_representation_bias|large_shift,0.521861434335958,0,False,false_alarm,wsola,WSOLA,0.47179462921232007,psola,PSOLA,0.08568255694452082,1.0,220.00175071794317,26.165306006193273,1.0624417956089202e-06,222.81846618040464,20.47185529896918,1.0228615102578422,1.4142368552874949,0.01995510102269893
0.35,2.0,-12,0.45,high,True,periodic_representation_bias|large_shift,0.521861434335958,0,False,false_alarm,wsola,WSOLA,0.5131527860314186,phase_vocoder,Phase Vocoder,0.04995748322172583,1.0,220.13705931382947,45.78811859999934,1.035064544283827e-06,222.93475035779005,20.157530243415003,1.0246821455835993,1.4142807034577567,0.01995510102269893
0.35,2.0,3,0.25,medium,False,periodic_representation_bias,0.521861434335958,1,True,missed,wsola,WSOLA,0.5425930983497228,phase_vocoder,Phase Vocoder,0.007272268501352745,1.0,220.13705931382947,45.78811859999934,1.035064544283827e-06,222.93475035779005,20.157530243415003,1.0246821455835993,1.4142807034577567,0.01995510102269893
0.35,2.0,7,0.33,high,True,periodic_representation_bias|moderate_shift,0.521861434335958,1,True,caught,wsola,WSOLA,0.5870459055157575,phase_vocoder,Phase Vocoder,0.04604777003400784,1.0,220.13705931382947,45.78811859999934,1.035064544283827e-06,222.93475035779005,20.157530243415003,1.0246821455835993,1.4142807034577567,0.01995510102269893
0.35,2.0,12,0.45,high,True,periodic_representation_bias|large_shift,0.521861434335958,0,False,false_alarm,wsola,WSOLA,0.4804003562328343,phase_vocoder,Phase Vocoder,0.08817708144176149,1.0,220.13705931382947,45.78811859999934,1.035064544283827e-06,222.93475035779005,20.157530243415003,1.0246821455835993,1.4142807034577567,0.01995510102269893
0.5,2.0,-12,0.45,high,True,periodic_representation_bias|large_shift,0.521861434335958,0,False,false_alarm,wsola,WSOLA,0.48709425377471255,phase_vocoder,Phase Vocoder,0.049323592813872975,1.0,220.55348991999668,65.41483418189009,9.344997045279706e-07,223.00783729951632,20.01115417414435,1.0259144174535053,1.414325557926168,0.01995510102269893
0.5,2.0,3,0.25,medium,False,periodic_representation_bias,0.521861434335958,1,True,missed,wsola,WSOLA,0.5634501694402579,phase_vocoder,Phase Vocoder,0.006433419719201032,1.0,220.55348991999668,65.41483418189009,9.344997045279706e-07,223.00783729951632,20.01115417414435,1.0259144174535053,1.414325557926168,0.01995510102269893
0.5,2.0,7,0.33,high,True,periodic_representation_bias|moderate_shift,0.521861434335958,1,True,caught,wsola,WSOLA,0.5821349223824427,phase_vocoder,Phase Vocoder,0.04581215967371446,1.0,220.55348991999668,65.41483418189009,9.344997045279706e-07,223.00783729951632,20.01115417414435,1.0259144174535053,1.414325557926168,0.01995510102269893
0.5,2.0,12,0.45,high,True,periodic_representation_bias|large_shift,0.521861434335958,0,False,false_alarm,wsola,WSOLA,0.4928513151241883,phase_vocoder,Phase Vocoder,0.08941142957104159,1.0,220.55348991999668,65.41483418189009,9.344997045279706e-07,223.00783729951632,20.01115417414435,1.0259144174535053,1.414325557926168,0.01995510102269893
0.75,2.0,-12,0.6000000000000001,high,True,pitch_motion|periodic_representation_bias|large_shift,0.521861434335958,0,False,false_alarm,wsola,WSOLA,0.37277359689707285,phase_vocoder,Phase Vocoder,0.048673585914544105,1.0,219.93027461206339,98.129134181697,6.23519467632718e-07,222.63179012566437,19.157006684682024,1.0258696143044368,1.4142651796957004,0.01995510102269893
0.75,2.0,3,0.4,high,True,pitch_motion|periodic_representation_bias,0.521861434335958,1,True,caught,wsola,WSOLA,0.5675425800036001,phase_vocoder,Phase Vocoder,0.004167394488978442,1.0,219.93027461206339,98.129134181697,6.23519467632718e-07,222.63179012566437,19.157006684682024,1.0258696143044368,1.4142651796957004,0.01995510102269893
0.75,2.0,7,0.48000000000000004,high,True,pitch_motion|periodic_representation_bias|moderate_shift,0.521861434335958,1,True,caught,wsola,WSOLA,0.5675181216719237,phase_vocoder,Phase Vocoder,0.046895090294652685,1.0,219.93027461206339,98.129134181697,6.23519467632718e-07,222.63179012566437,19.157006684682024,1.0258696143044368,1.4142651796957004,0.01995510102269893
0.75,2.0,12,0.6000000000000001,high,True,pitch_motion|periodic_representation_bias|large_shift,0.521861434335958,0,False,false_alarm,wsola,WSOLA,0.48839268176058076,phase_vocoder,Phase Vocoder,0.0941993526692302,1.0,219.93027461206339,98.129134181697,6.23519467632718e-07,222.63179012566437,19.157006684682024,1.0258696143044368,1.4142651796957004,0.01995510102269893
1.0,2.0,-12,0.6000000000000001,high,True,pitch_motion|periodic_representation_bias|large_shift,0.521861434335958,0,False,false_alarm,wsola,WSOLA,0.4628416122027317,phase_vocoder,Phase Vocoder,0.04787406869381333,1.0,219.91934373671367,130.8520475812949,7.960084618361004e-07,223.3227293032958,20.355820172369878,1.0254206478812151,1.4140777160385236,0.01995510102269893
1.0,2.0,3,0.4,high,True,pitch_motion|periodic_representation_bias,0.521861434335958,1,True,caught,wsola,WSOLA,0.5426714277509102,phase_vocoder,Phase Vocoder,0.003763698389616406,1.0,219.91934373671367,130.8520475812949,7.960084618361004e-07,223.3227293032958,20.355820172369878,1.0254206478812151,1.4140777160385236,0.01995510102269893
1.0,2.0,7,0.48000000000000004,high,True,pitch_motion|periodic_representation_bias|moderate_shift,0.521861434335958,1,True,caught,wsola,WSOLA,0.553414406725886,phase_vocoder,Phase Vocoder,0.048179157741950564,1.0,219.91934373671367,130.8520475812949,7.960084618361004e-07,223.3227293032958,20.355820172369878,1.0254206478812151,1.4140777160385236,0.01995510102269893
1.0,2.0,12,0.6000000000000001,high,True,pitch_motion|periodic_representation_bias|large_shift,0.521861434335958,0,False,false_alarm,wsola,WSOLA,0.45346770572709866,phase_vocoder,Phase Vocoder,0.09716468423918971,1.0,219.91934373671367,130.8520475812949,7.960084618361004e-07,223.3227293032958,20.355820172369878,1.0254206478812151,1.4140777160385236,0.01995510102269893
0.0,4.0,-12,0.45,high,True,periodic_representation_bias|large_shift,0.521861434335958,1,True,caught,wsola,WSOLA,0.5947147202023889,phase_vocoder,Phase Vocoder,0.05113941151394158,1.0,220.04400624093478,4.2039015447302205e-06,1.063558721599303e-06,222.74882239034898,20.606446437322152,1.019673897862927,1.4142132035275572,0.01995510102269893
0.0,4.0,3,0.25,medium,False,periodic_representation_bias,0.521861434335958,0,False,safe,wsola,WSOLA,0.494029380599679,phase_vocoder,Phase Vocoder,0.0032464111038206715,1.0,220.04400624093478,4.2039015447302205e-06,1.063558721599303e-06,222.74882239034898,20.606446437322152,1.019673897862927,1.4142132035275572,0.01995510102269893
0.0,4.0,7,0.33,high,True,periodic_representation_bias|moderate_shift,0.521861434335958,1,True,caught,wsola,WSOLA,0.5859030079120474,phase_vocoder,Phase Vocoder,0.04317789628916052,1.0,220.04400624093478,4.2039015447302205e-06,1.063558721599303e-06,222.74882239034898,20.606446437322152,1.019673897862927,1.4142132035275572,0.01995510102269893
0.0,4.0,12,0.45,high,True,periodic_representation_bias|large_shift,0.521861434335958,0,False,false_alarm,wsola,WSOLA,0.43580087570863196,psola,PSOLA,0.05092382773538406,1.0,220.04400624093478,4.2039015447302205e-06,1.063558721599303e-06,222.74882239034898,20.606446437322152,1.019673897862927,1.4142132035275572,0.01995510102269893
0.025,4.0,-12,0.45,high,True,periodic_representation_bias|large_shift,0.521861434335958,1,True,caught,wsola,WSOLA,0.5784906520707934,phase_vocoder,Phase Vocoder,0.051208852179350846,1.0,220.03181275701812,2.7500191313873685,1.0636079092034195e-06,222.74987958459607,20.604715091482582,1.0192002835774483,1.4142139299871135,0.01995510102269893
0.025,4.0,3,0.25,medium,False,periodic_representation_bias,0.521861434335958,0,False,safe,wsola,WSOLA,0.4944537890974534,phase_vocoder,Phase Vocoder,0.002984525966251647,1.0,220.03181275701812,2.7500191313873685,1.0636079092034195e-06,222.74987958459607,20.604715091482582,1.0192002835774483,1.4142139299871135,0.01995510102269893
0.025,4.0,7,0.33,high,True,periodic_representation_bias|moderate_shift,0.521861434335958,1,True,caught,wsola,WSOLA,0.5858338458641151,phase_vocoder,Phase Vocoder,0.043104664627356265,1.0,220.03181275701812,2.7500191313873685,1.0636079092034195e-06,222.74987958459607,20.604715091482582,1.0192002835774483,1.4142139299871135,0.01995510102269893
0.025,4.0,12,0.45,high,True,periodic_representation_bias|large_shift,0.521861434335958,0,False,false_alarm,wsola,WSOLA,0.4360964700227465,psola,PSOLA,0.06619408340763422,1.0,220.03181275701812,2.7500191313873685,1.0636079092034195e-06,222.74987958459607,20.604715091482582,1.0192002835774483,1.4142139299871135,0.01995510102269893
0.05,4.0,-12,0.45,high,True,periodic_representation_bias|large_shift,0.521861434335958,1,True,caught,wsola,WSOLA,0.5796901697028157,phase_vocoder,Phase Vocoder,0.0511347812111334,1.0,220.03975632694718,5.593015225754761,1.0637335473413637e-06,222.753134613983,20.59923521073945,1.019252578399123,1.4142150328520344,0.01995510102269893
0.05,4.0,3,0.25,medium,False,periodic_representation_bias,0.521861434335958,0,False,safe,wsola,WSOLA,0.5099024004811973,phase_vocoder,Phase Vocoder,0.002839822388880071,1.0,220.03975632694718,5.593015225754761,1.0637335473413637e-06,222.753134613983,20.59923521073945,1.019252578399123,1.4142150328520344,0.01995510102269893
0.05,4.0,7,0.33,high,True,periodic_representation_bias|moderate_shift,0.521861434335958,1,True,caught,wsola,WSOLA,0.5911900855788672,phase_vocoder,Phase Vocoder,0.043181882981910245,1.0,220.03975632694718,5.593015225754761,1.0637335473413637e-06,222.753134613983,20.59923521073945,1.019252578399123,1.4142150328520344,0.01995510102269893
0.05,4.0,12,0.45,high,True,periodic_representation_bias|large_shift,0.521861434335958,0,False,false_alarm,wsola,WSOLA,0.44303720638117766,psola,PSOLA,0.07762555009733682,1.0,220.03975632694718,5.593015225754761,1.0637335473413637e-06,222.753134613983,20.59923521073945,1.019252578399123,1.4142150328520344,0.01995510102269893
0.1,4.0,-12,0.45,high,True,periodic_representation_bias|large_shift,0.521861434335958,1,True,caught,wsola,WSOLA,0.5843751025464358,phase_vocoder,Phase Vocoder,0.05105927646504093,1.0,220.0371625691553,11.187613319986163,1.0640496232402573e-06,222.7659766313435,20.57692921232965,1.0212390011503494,1.4142194419301906,0.01995510102269893
0.1,4.0,3,0.25,medium,False,periodic_representation_bias,0.521861434335958,1,True,missed,wsola,WSOLA,0.5274940319125269,phase_vocoder,Phase Vocoder,0.0028206451745553095,1.0,220.0371625691553,11.187613319986163,1.0640496232402573e-06,222.7659766313435,20.57692921232965,1.0212390011503494,1.4142194419301906,0.01995510102269893
0.1,4.0,7,0.33,high,True,periodic_representation_bias|moderate_shift,0.521861434335958,1,True,caught,wsola,WSOLA,0.5895580963021486,phase_vocoder,Phase Vocoder,0.043811831730987925,1.0,220.0371625691553,11.187613319986163,1.0640496232402573e-06,222.7659766313435,20.57692921232965,1.0212390011503494,1.4142194419301906,0.01995510102269893
0.1,4.0,12,0.45,high,True,periodic_representation_bias|large_shift,0.521861434335958,0,False,false_alarm,wsola,WSOLA,0.46172374489115,phase_vocoder,Phase Vocoder,0.08423870054412175,1.0,220.0371625691553,11.187613319986163,1.0640496232402573e-06,222.7659766313435,20.57692921232965,1.0212390011503494,1.4142194419301906,0.01995510102269893
0.2,4.0,-12,0.45,high,True,periodic_representation_bias|large_shift,0.521861434335958,1,True,caught,wsola,WSOLA,0.5510423733304678,phase_vocoder,Phase Vocoder,0.05083890319383891,1.0,220.0369409510806,22.223263621045277,1.06246399399567e-06,222.81504783979946,20.48411315472364,1.0227550819698938,1.4142368537763292,0.01995510102269893
0.2,4.0,3,0.25,medium,False,periodic_representation_bias,0.521861434335958,1,True,missed,wsola,WSOLA,0.5419944761309553,phase_vocoder,Phase Vocoder,0.0028433676216427853,1.0,220.0369409510806,22.223263621045277,1.06246399399567e-06,222.81504783979946,20.48411315472364,1.0227550819698938,1.4142368537763292,0.01995510102269893
0.2,4.0,7,0.33,high,True,periodic_representation_bias|moderate_shift,0.521861434335958,1,True,caught,wsola,WSOLA,0.5843448614598518,phase_vocoder,Phase Vocoder,0.04490071262857767,1.0,220.0369409510806,22.223263621045277,1.06246399399567e-06,222.81504783979946,20.48411315472364,1.0227550819698938,1.4142368537763292,0.01995510102269893
0.2,4.0,12,0.45,high,True,periodic_representation_bias|large_shift,0.521861434335958,0,False,false_alarm,wsola,WSOLA,0.49037389054625974,phase_vocoder,Phase Vocoder,0.0881583127682632,1.0,220.0369409510806,22.223263621045277,1.06246399399567e-06,222.81504783979946,20.48411315472364,1.0227550819698938,1.4142368537763292,0.01995510102269893
0.35,4.0,-12,0.45,high,True,periodic_representation_bias|large_shift,0.521861434335958,1,True,caught,wsola,WSOLA,0.5869762831463684,phase_vocoder,Phase Vocoder,0.05047507520352209,1.0,220.04901277434143,39.538186030885406,1.0351527158899366e-06,222.92308140381385,20.20109609250261,1.0252514506805115,1.4142807062876865,0.01995510102269893
0.35,4.0,3,0.25,medium,False,periodic_representation_bias,0.521861434335958,1,True,missed,wsola,WSOLA,0.5551727677904343,phase_vocoder,Phase Vocoder,0.0026727239237387193,1.0,220.04901277434143,39.538186030885406,1.0351527158899366e-06,222.92308140381385,20.20109609250261,1.0252514506805115,1.4142807062876865,0.01995510102269893
0.35,4.0,7,0.33,high,True,periodic_representation_bias|moderate_shift,0.521861434335958,1,True,caught,wsola,WSOLA,0.5713100018710934,phase_vocoder,Phase Vocoder,0.04640647553155478,1.0,220.04901277434143,39.538186030885406,1.0351527158899366e-06,222.92308140381385,20.20109609250261,1.0252514506805115,1.4142807062876865,0.01995510102269893
0.35,4.0,12,0.45,high,True,periodic_representation_bias|large_shift,0.521861434335958,0,False,false_alarm,wsola,WSOLA,0.50081179469023,phase_vocoder,Phase Vocoder,0.0909081104804176,1.0,220.04901277434143,39.538186030885406,1.0351527158899366e-06,222.92308140381385,20.20109609250261,1.0252514506805115,1.4142807062876865,0.01995510102269893
0.5,4.0,-12,0.45,high,True,periodic_representation_bias|large_shift,0.521861434335958,0,False,false_alarm,wsola,WSOLA,0.5084124454280344,phase_vocoder,Phase Vocoder,0.05121840086829208,1.0,220.0759486688341,56.79779921511263,9.346422776642994e-07,222.98801119079408,20.07836688077373,1.0265556938324543,1.4143255687792446,0.01995510102269893
0.5,4.0,3,0.25,medium,False,periodic_representation_bias,0.521861434335958,1,True,missed,wsola,WSOLA,0.540578103095097,phase_vocoder,Phase Vocoder,0.0054981582172369155,1.0,220.0759486688341,56.79779921511263,9.346422776642994e-07,222.98801119079408,20.07836688077373,1.0265556938324543,1.4143255687792446,0.01995510102269893
0.5,4.0,7,0.33,high,True,periodic_representation_bias|moderate_shift,0.521861434335958,1,True,caught,wsola,WSOLA,0.5780551701776724,phase_vocoder,Phase Vocoder,0.04807679468752307,1.0,220.0759486688341,56.79779921511263,9.346422776642994e-07,222.98801119079408,20.07836688077373,1.0265556938324543,1.4143255687792446,0.01995510102269893
0.5,4.0,12,0.45,high,True,periodic_representation_bias|large_shift,0.521861434335958,0,False,false_alarm,wsola,WSOLA,0.49973523384716484,phase_vocoder,Phase Vocoder,0.09341357641824004,1.0,220.0759486688341,56.79779921511263,9.346422776642994e-07,222.98801119079408,20.07836688077373,1.0265556938324543,1.4143255687792446,0.01995510102269893
0.75,4.0,-12,0.6000000000000001,high,True,pitch_motion|periodic_representation_bias|large_shift,0.521861434335958,1,True,caught,wsola,WSOLA,0.5226775006465327,phase_vocoder,Phase Vocoder,0.05102258383170405,1.0,220.1537910862633,85.24110640695646,6.237334942549625e-07,222.5997835263572,19.270228113562386,1.025949604984882,1.4142652285861121,0.01995510102269893
0.75,4.0,3,0.4,high,True,pitch_motion|periodic_representation_bias,0.521861434335958,1,True,caught,wsola,WSOLA,0.5883394678992196,phase_vocoder,Phase Vocoder,0.007445100209842452,1.0,220.1537910862633,85.24110640695646,6.237334942549625e-07,222.5997835263572,19.270228113562386,1.025949604984882,1.4142652285861121,0.01995510102269893
0.75,4.0,7,0.48000000000000004,high,True,pitch_motion|periodic_representation_bias|moderate_shift,0.521861434335958,1,True,caught,wsola,WSOLA,0.5374968430718171,phase_vocoder,Phase Vocoder,0.05057124561780211,1.0,220.1537910862633,85.24110640695646,6.237334942549625e-07,222.5997835263572,19.270228113562386,1.025949604984882,1.4142652285861121,0.01995510102269893
0.75,4.0,12,0.6000000000000001,high,True,pitch_motion|periodic_representation_bias|large_shift,0.521861434335958,0,False,false_alarm,wsola,WSOLA,0.5062165492696353,phase_vocoder,Phase Vocoder,0.09769710863145946,1.0,220.1537910862633,85.24110640695646,6.237334942549625e-07,222.5997835263572,19.270228113562386,1.025949604984882,1.4142652285861121,0.01995510102269893
1.0,4.0,-12,0.6000000000000001,high,True,pitch_motion|periodic_representation_bias|large_shift,0.521861434335958,0,False,false_alarm,rubber_band,Rubber Band,0.4664086631754265,phase_vocoder,Phase Vocoder,0.051101799965470096,1.0,220.27267006912462,118.42998316997036,7.959877648554353e-07,223.31496630899787,20.56449435531741,1.025949458146641,1.4140777509023488,0.01995510102269893
1.0,4.0,3,0.4,high,True,pitch_motion|periodic_representation_bias,0.521861434335958,0,False,false_alarm,wsola,WSOLA,0.44129126437037147,phase_vocoder,Phase Vocoder,0.005743363697232507,1.0,220.27267006912462,118.42998316997036,7.959877648554353e-07,223.31496630899787,20.56449435531741,1.025949458146641,1.4140777509023488,0.01995510102269893
1.0,4.0,7,0.48000000000000004,high,True,pitch_motion|periodic_representation_bias|moderate_shift,0.521861434335958,1,True,caught,wsola,WSOLA,0.5909317958021586,phase_vocoder,Phase Vocoder,0.053238529573384076,1.0,220.27267006912462,118.42998316997036,7.959877648554353e-07,223.31496630899787,20.56449435531741,1.025949458146641,1.4140777509023488,0.01995510102269893
1.0,4.0,12,0.6000000000000001,high,True,pitch_motion|periodic_representation_bias|large_shift,0.521861434335958,0,False,false_alarm,wsola,WSOLA,0.5037713559005529,phase_vocoder,Phase Vocoder,0.1021633542636557,1.0,220.27267006912462,118.42998316997036,7.959877648554353e-07,223.31496630899787,20.56449435531741,1.025949458146641,1.4140777509023488,0.01995510102269893
0.0,5.5,-12,0.45,high,True,periodic_representation_bias|large_shift,0.521861434335958,1,True,caught,wsola,WSOLA,0.5947147202023889,phase_vocoder,Phase Vocoder,0.05113941151394158,1.0,220.04400624093478,4.2039015447302205e-06,1.063558721599303e-06,222.74882239034898,20.606446437322152,1.019673897862927,1.4142132035275572,0.01995510102269893
0.0,5.5,3,0.25,medium,False,periodic_representation_bias,0.521861434335958,0,False,safe,wsola,WSOLA,0.494029380599679,phase_vocoder,Phase Vocoder,0.0032464111038206715,1.0,220.04400624093478,4.2039015447302205e-06,1.063558721599303e-06,222.74882239034898,20.606446437322152,1.019673897862927,1.4142132035275572,0.01995510102269893
0.0,5.5,7,0.33,high,True,periodic_representation_bias|moderate_shift,0.521861434335958,1,True,caught,wsola,WSOLA,0.5859030079120474,phase_vocoder,Phase Vocoder,0.04317789628916052,1.0,220.04400624093478,4.2039015447302205e-06,1.063558721599303e-06,222.74882239034898,20.606446437322152,1.019673897862927,1.4142132035275572,0.01995510102269893
0.0,5.5,12,0.45,high,True,periodic_representation_bias|large_shift,0.521861434335958,0,False,false_alarm,wsola,WSOLA,0.43580087570863196,psola,PSOLA,0.05092382773538406,1.0,220.04400624093478,4.2039015447302205e-06,1.063558721599303e-06,222.74882239034898,20.606446437322152,1.019673897862927,1.4142132035275572,0.01995510102269893
0.025,5.5,-12,0.45,high,True,periodic_representation_bias|large_shift,0.521861434335958,1,True,caught,wsola,WSOLA,0.6107482649765227,phase_vocoder,Phase Vocoder,0.0511503576967229,1.0,220.03014661014723,2.2681051078984416,1.063609704004167e-06,222.74981943082682,20.604957296908385,1.0194890534206689,1.414213930363399,0.01995510102269893
0.025,5.5,3,0.25,medium,False,periodic_representation_bias,0.521861434335958,1,True,missed,wsola,WSOLA,0.5226093237473816,phase_vocoder,Phase Vocoder,0.002984553397131818,1.0,220.03014661014723,2.2681051078984416,1.063609704004167e-06,222.74981943082682,20.604957296908385,1.0194890534206689,1.414213930363399,0.01995510102269893
0.025,5.5,7,0.33,high,True,periodic_representation_bias|moderate_shift,0.521861434335958,1,True,caught,wsola,WSOLA,0.5858284547057248,phase_vocoder,Phase Vocoder,0.04313320768704563,1.0,220.03014661014723,2.2681051078984416,1.063609704004167e-06,222.74981943082682,20.604957296908385,1.0194890534206689,1.414213930363399,0.01995510102269893
0.025,5.5,12,0.45,high,True,periodic_representation_bias|large_shift,0.521861434335958,0,False,false_alarm,wsola,WSOLA,0.4598396438950676,psola,PSOLA,0.07107024452459941,1.0,220.03014661014723,2.2681051078984416,1.063609704004167e-06,222.74981943082682,20.604957296908385,1.0194890534206689,1.414213930363399,0.01995510102269893
0.05,5.5,-12,0.45,high,True,periodic_representation_bias|large_shift,0.521861434335958,1,True,caught,wsola,WSOLA,0.579704730545483,phase_vocoder,Phase Vocoder,0.05120843114355025,1.0,220.0513292514937,4.5627840903580585,1.063737027230234e-06,222.75289996645452,20.600156444304147,1.0192238478904545,1.4142150344069422,0.01995510102269893
0.05,5.5,3,0.25,medium,False,periodic_representation_bias,0.521861434335958,0,False,safe,wsola,WSOLA,0.4956343285926914,phase_vocoder,Phase Vocoder,0.0028504940901035434,1.0,220.0513292514937,4.5627840903580585,1.063737027230234e-06,222.75289996645452,20.600156444304147,1.0192238478904545,1.4142150344069422,0.01995510102269893
0.05,5.5,7,0.33,high,True,periodic_representation_bias|moderate_shift,0.521861434335958,1,True,caught,wsola,WSOLA,0.5912032193755329,phase_vocoder,Phase Vocoder,0.0432878839179018,1.0,220.0513292514937,4.5627840903580585,1.063737027230234e-06,222.75289996645452,20.600156444304147,1.0192238478904545,1.4142150344069422,0.01995510102269893
0.05,5.5,12,0.45,high,True,periodic_representation_bias|large_shift,0.521861434335958,0,False,false_alarm,wsola,WSOLA,0.4297504313499079,phase_vocoder,Phase Vocoder,0.08296827928558742,1.0,220.0513292514937,4.5627840903580585,1.063737027230234e-06,222.75289996645452,20.600156444304147,1.0192238478904545,1.4142150344069422,0.01995510102269893
0.1,5.5,-12,0.45,high,True,periodic_representation_bias|large_shift,0.521861434335958,1,True,caught,wsola,WSOLA,0.5844199898666618,phase_vocoder,Phase Vocoder,0.051185877065442954,1.0,220.06097593940862,9.382650819260684,1.0640562845264089e-06,222.76521555967864,20.580439233642515,1.0208756793036866,1.4142194418258864,0.01995510102269893
0.1,5.5,3,0.25,medium,False,periodic_representation_bias,0.521861434335958,0,False,safe,wsola,WSOLA,0.514080665583094,phase_vocoder,Phase Vocoder,0.0028906907774566386,1.0,220.06097593940862,9.382650819260684,1.0640562845264089e-06,222.76521555967864,20.580439233642515,1.0208756793036866,1.4142194418258864,0.01995510102269893
0.1,5.5,7,0.33,high,True,periodic_representation_bias|moderate_shift,0.521861434335958,1,True,caught,wsola,WSOLA,0.584751393439615,phase_vocoder,Phase Vocoder,0.04390479655036764,1.0,220.06097593940862,9.382650819260684,1.0640562845264089e-06,222.76521555967864,20.580439233642515,1.0208756793036866,1.4142194418258864,0.01995510102269893
0.1,5.5,12,0.45,high,True,periodic_representation_bias|large_shift,0.521861434335958,0,False,false_alarm,wsola,WSOLA,0.4797913583607553,phase_vocoder,Phase Vocoder,0.08503093823235575,1.0,220.06097593940862,9.382650819260684,1.0640562845264089e-06,222.76521555967864,20.580439233642515,1.0208756793036866,1.4142194418258864,0.01995510102269893
0.2,5.5,-12,0.45,high,True,periodic_representation_bias|large_shift,0.521861434335958,1,True,caught,wsola,WSOLA,0.5691687245580077,phase_vocoder,Phase Vocoder,0.05108480490073749,1.0,220.08724499592373,18.981384068257892,1.062479097316404e-06,222.81192701848937,20.498243737313157,1.023727579183306,1.4142368557653673,0.01995510102269893
0.2,5.5,3,0.25,medium,False,periodic_representation_bias,0.521861434335958,1,True,missed,wsola,WSOLA,0.5656358996686648,phase_vocoder,Phase Vocoder,0.002855148023457305,1.0,220.08724499592373,18.981384068257892,1.062479097316404e-06,222.81192701848937,20.498243737313157,1.023727579183306,1.4142368557653673,0.01995510102269893
0.2,5.5,7,0.33,high,True,periodic_representation_bias|moderate_shift,0.521861434335958,1,True,caught,wsola,WSOLA,0.5765202024135804,phase_vocoder,Phase Vocoder,0.04537377696439832,1.0,220.08724499592373,18.981384068257892,1.062479097316404e-06,222.81192701848937,20.498243737313157,1.023727579183306,1.4142368557653673,0.01995510102269893
0.2,5.5,12,0.45,high,True,periodic_representation_bias|large_shift,0.521861434335958,0,False,false_alarm,wsola,WSOLA,0.4874471448799955,phase_vocoder,Phase Vocoder,0.08935326596803246,1.0,220.08724499592373,18.981384068257892,1.062479097316404e-06,222.81192701848937,20.498243737313157,1.023727579183306,1.4142368557653673,0.01995510102269893
0.35,5.5,-12,0.45,high,True,periodic_representation_bias|large_shift,0.521861434335958,1,True,caught,wsola,WSOLA,0.6033793770311721,phase_vocoder,Phase Vocoder,0.05154161847392616,1.0,220.14411044790634,32.91930474734988,1.035214478386731e-06,222.91087120169354,20.24994519413951,1.025747422554807,1.4142807077732666,0.01995510102269893
0.35,5.5,3,0.25,medium,False,periodic_representation_bias,0.521861434335958,1,True,missed,wsola,WSOLA,0.5870571756948415,phase_vocoder,Phase Vocoder,0.00422821417549163,1.0,220.14411044790634,32.91930474734988,1.035214478386731e-06,222.91087120169354,20.24994519413951,1.025747422554807,1.4142807077732666,0.01995510102269893
0.35,5.5,7,0.33,high,True,periodic_representation_bias|moderate_shift,0.521861434335958,1,True,caught,wsola,WSOLA,0.5592960050974393,phase_vocoder,Phase Vocoder,0.04628380997580365,1.0,220.14411044790634,32.91930474734988,1.035214478386731e-06,222.91087120169354,20.24994519413951,1.025747422554807,1.4142807077732666,0.01995510102269893
0.35,5.5,12,0.45,high,True,periodic_representation_bias|large_shift,0.521861434335958,0,False,false_alarm,wsola,WSOLA,0.5029986286248472,phase_vocoder,Phase Vocoder,0.09325320940880498,1.0,220.14411044790634,32.91930474734988,1.035214478386731e-06,222.91087120169354,20.24994519413951,1.025747422554807,1.4142807077732666,0.01995510102269893
0.5,5.5,-12,0.45,high,True,periodic_representation_bias|large_shift,0.521861434335958,2,True,caught,wsola,WSOLA,0.6293778035436759,phase_vocoder,Phase Vocoder,0.05093703991957302,1.0,220.22197628756427,46.90678642194798,9.347399120628877e-07,222.96699880301782,20.140907491000352,1.026793988487182,1.414325575090268,0.01995510102269893
0.5,5.5,3,0.25,medium,False,periodic_representation_bias,0.521861434335958,1,True,missed,wsola,WSOLA,0.5945246688407743,phase_vocoder,Phase Vocoder,0.005569227735644513,1.0,220.22197628756427,46.90678642194798,9.347399120628877e-07,222.96699880301782,20.140907491000352,1.026793988487182,1.414325575090268,0.01995510102269893
0.5,5.5,7,0.33,high,True,periodic_representation_bias|moderate_shift,0.521861434335958,1,True,caught,wsola,WSOLA,0.5307185689417703,phase_vocoder,Phase Vocoder,0.04948314579335857,1.0,220.22197628756427,46.90678642194798,9.347399120628877e-07,222.96699880301782,20.140907491000352,1.026793988487182,1.414325575090268,0.01995510102269893
0.5,5.5,12,0.45,high,True,periodic_representation_bias|large_shift,0.521861434335958,0,False,false_alarm,wsola,WSOLA,0.5029115631415627,phase_vocoder,Phase Vocoder,0.09623257189430368,1.0,220.22197628756427,46.90678642194798,9.347399120628877e-07,222.96699880301782,20.140907491000352,1.026793988487182,1.414325575090268,0.01995510102269893
0.75,5.5,-12,0.45,high,True,periodic_representation_bias|large_shift,0.521861434335958,0,False,false_alarm,wsola,WSOLA,0.504051175843622,phase_vocoder,Phase Vocoder,0.05171952875784277,1.0,220.3986048299536,71.19194841438286,6.238596136398149e-07,222.56953134922017,19.37211771422019,1.026456815402721,1.4142652637113413,0.01995510102269893
0.75,5.5,3,0.25,medium,False,periodic_representation_bias,0.521861434335958,1,True,missed,wsola,WSOLA,0.6198943635196593,phase_vocoder,Phase Vocoder,0.006297107486504251,1.0,220.3986048299536,71.19194841438286,6.238596136398149e-07,222.56953134922017,19.37211771422019,1.026456815402721,1.4142652637113413,0.01995510102269893
0.75,5.5,7,0.33,high,True,periodic_representation_bias|moderate_shift,0.521861434335958,0,False,false_alarm,wsola,WSOLA,0.49776971180221413,phase_vocoder,Phase Vocoder,0.053801261925743284,1.0,220.3986048299536,71.19194841438286,6.238596136398149e-07,222.56953134922017,19.37211771422019,1.026456815402721,1.4142652637113413,0.01995510102269893
0.75,5.5,12,0.45,high,True,periodic_representation_bias|large_shift,0.521861434335958,0,False,false_alarm,wsola,WSOLA,0.4451292452703795,phase_vocoder,Phase Vocoder,0.100149888989157,1.0,220.3986048299536,71.19194841438286,6.238596136398149e-07,222.56953134922017,19.37211771422019,1.026456815402721,1.4142652637113413,0.01995510102269893
1.0,5.5,-12,0.6000000000000001,high,True,pitch_motion|periodic_representation_bias|large_shift,0.521861434335958,1,True,caught,wsola,WSOLA,0.6138500517540649,phase_vocoder,Phase Vocoder,0.05225518523599082,1.0,220.6341711748272,97.29835227539324,7.959316985531578e-07,223.31178059868589,20.754115406697064,1.0258342394238114,1.414077777338842,0.01995510102269893
1.0,5.5,3,0.4,high,True,pitch_motion|periodic_representation_bias,0.521861434335958,1,True,caught,wsola,WSOLA,0.5308607863116187,phase_vocoder,Phase Vocoder,0.006989562180335425,1.0,220.6341711748272,97.29835227539324,7.959316985531578e-07,223.31178059868589,20.754115406697064,1.0258342394238114,1.414077777338842,0.01995510102269893
1.0,5.5,7,0.48000000000000004,high,True,pitch_motion|periodic_representation_bias|moderate_shift,0.521861434335958,1,True,caught,wsola,WSOLA,0.5327607354174287,phase_vocoder,Phase Vocoder,0.058840501550763126,1.0,220.6341711748272,97.29835227539324,7.959316985531578e-07,223.31178059868589,20.754115406697064,1.0258342394238114,1.414077777338842,0.01995510102269893
1.0,5.5,12,0.6000000000000001,high,True,pitch_motion|periodic_representation_bias|large_shift,0.521861434335958,0,False,false_alarm,wsola,WSOLA,0.49732114391825094,phase_vocoder,Phase Vocoder,0.10536154794632613,1.0,220.6341711748272,97.29835227539324,7.959316985531578e-07,223.31178059868589,20.754115406697064,1.0258342394238114,1.414077777338842,0.01995510102269893
0.0,8.0,-12,0.45,high,True,periodic_representation_bias|large_shift,0.521861434335958,1,True,caught,wsola,WSOLA,0.5947147202023889,phase_vocoder,Phase Vocoder,0.05113941151394158,1.0,220.04400624093478,4.2039015447302205e-06,1.063558721599303e-06,222.74882239034898,20.606446437322152,1.019673897862927,1.4142132035275572,0.01995510102269893
0.0,8.0,3,0.25,medium,False,periodic_representation_bias,0.521861434335958,0,False,safe,wsola,WSOLA,0.494029380599679,phase_vocoder,Phase Vocoder,0.0032464111038206715,1.0,220.04400624093478,4.2039015447302205e-06,1.063558721599303e-06,222.74882239034898,20.606446437322152,1.019673897862927,1.4142132035275572,0.01995510102269893
0.0,8.0,7,0.33,high,True,periodic_representation_bias|moderate_shift,0.521861434335958,1,True,caught,wsola,WSOLA,0.5859030079120474,phase_vocoder,Phase Vocoder,0.04317789628916052,1.0,220.04400624093478,4.2039015447302205e-06,1.063558721599303e-06,222.74882239034898,20.606446437322152,1.019673897862927,1.4142132035275572,0.01995510102269893
0.0,8.0,12,0.45,high,True,periodic_representation_bias|large_shift,0.521861434335958,0,False,false_alarm,wsola,WSOLA,0.43580087570863196,psola,PSOLA,0.05092382773538406,1.0,220.04400624093478,4.2039015447302205e-06,1.063558721599303e-06,222.74882239034898,20.606446437322152,1.019673897862927,1.4142132035275572,0.01995510102269893
0.025,8.0,-12,0.45,high,True,periodic_representation_bias|large_shift,0.521861434335958,1,True,caught,wsola,WSOLA,0.5609804976232248,phase_vocoder,Phase Vocoder,0.05122063198969523,1.0,220.03462094626522,1.3908682840719793,1.0636125331575696e-06,222.74958244622,20.605467876045033,1.0192753627806088,1.4142139304020107,0.01995510102269893
0.025,8.0,3,0.25,medium,False,periodic_representation_bias,0.521861434335958,1,True,missed,wsola,WSOLA,0.571022032847564,phase_vocoder,Phase Vocoder,0.00325280566294456,1.0,220.03462094626522,1.3908682840719793,1.0636125331575696e-06,222.74958244622,20.605467876045033,1.0192753627806088,1.4142139304020107,0.01995510102269893
0.025,8.0,7,0.33,high,True,periodic_representation_bias|moderate_shift,0.521861434335958,1,True,caught,wsola,WSOLA,0.5883309854039233,phase_vocoder,Phase Vocoder,0.04318418128281423,1.0,220.03462094626522,1.3908682840719793,1.0636125331575696e-06,222.74958244622,20.605467876045033,1.0192753627806088,1.4142139304020107,0.01995510102269893
0.025,8.0,12,0.45,high,True,periodic_representation_bias|large_shift,0.521861434335958,0,False,false_alarm,wsola,WSOLA,0.4487025387100996,psola,PSOLA,0.07753030631068382,1.0,220.03462094626522,1.3908682840719793,1.0636125331575696e-06,222.74958244622,20.605467876045033,1.0192753627806088,1.4142139304020107,0.01995510102269893
0.05,8.0,-12,0.45,high,True,periodic_representation_bias|large_shift,0.521861434335958,1,True,caught,wsola,WSOLA,0.5962951362050434,phase_vocoder,Phase Vocoder,0.05117696135953764,1.0,220.0503827280591,2.752656407988662,1.0637424203999774e-06,222.75219047507048,20.602093530677212,1.0194392638202423,1.4142150344117264,0.01995510102269893
0.05,8.0,3,0.25,medium,False,periodic_representation_bias,0.521861434335958,0,False,safe,wsola,WSOLA,0.5101054001752583,phase_vocoder,Phase Vocoder,0.003451839611812443,1.0,220.0503827280591,2.752656407988662,1.0637424203999774e-06,222.75219047507048,20.602093530677212,1.0194392638202423,1.4142150344117264,0.01995510102269893
0.05,8.0,7,0.33,high,True,periodic_representation_bias|moderate_shift,0.521861434335958,1,True,caught,wsola,WSOLA,0.5912057499112833,phase_vocoder,Phase Vocoder,0.04355778121689943,1.0,220.0503827280591,2.752656407988662,1.0637424203999774e-06,222.75219047507048,20.602093530677212,1.0194392638202423,1.4142150344117264,0.01995510102269893
0.05,8.0,12,0.45,high,True,periodic_representation_bias|large_shift,0.521861434335958,0,False,false_alarm,wsola,WSOLA,0.47008732876312864,phase_vocoder,Phase Vocoder,0.0834933636019566,1.0,220.0503827280591,2.752656407988662,1.0637424203999774e-06,222.75219047507048,20.602093530677212,1.0194392638202423,1.4142150344117264,0.01995510102269893
0.1,8.0,-12,0.45,high,True,periodic_representation_bias|large_shift,0.521861434335958,1,True,caught,wsola,WSOLA,0.6007908008893893,phase_vocoder,Phase Vocoder,0.051247839318592336,1.0,220.05949158295957,5.603316877948868,1.0640662646518265e-06,222.76284800364874,20.58800663354708,1.0205550249994098,1.4142194420297813,0.01995510102269893
0.1,8.0,3,0.25,medium,False,periodic_representation_bias,0.521861434335958,1,True,missed,wsola,WSOLA,0.5278167047168434,phase_vocoder,Phase Vocoder,0.0029597985188808303,1.0,220.05949158295957,5.603316877948868,1.0640662646518265e-06,222.76284800364874,20.58800663354708,1.0205550249994098,1.4142194420297813,0.01995510102269893
0.1,8.0,7,0.33,high,True,periodic_representation_bias|moderate_shift,0.521861434335958,1,True,caught,wsola,WSOLA,0.560464680128826,phase_vocoder,Phase Vocoder,0.04434874892352563,1.0,220.05949158295957,5.603316877948868,1.0640662646518265e-06,222.76284800364874,20.58800663354708,1.0205550249994098,1.4142194420297813,0.01995510102269893
0.1,8.0,12,0.45,high,True,periodic_representation_bias|large_shift,0.521861434335958,0,False,false_alarm,wsola,WSOLA,0.47144954441823334,phase_vocoder,Phase Vocoder,0.08542201219957342,1.0,220.05949158295957,5.603316877948868,1.0640662646518265e-06,222.76284800364874,20.58800663354708,1.0205550249994098,1.4142194420297813,0.01995510102269893
0.2,8.0,-12,0.45,high,True,periodic_representation_bias|large_shift,0.521861434335958,2,True,caught,wsola,WSOLA,0.6449282963792028,phase_vocoder,Phase Vocoder,0.05163472952852841,1.0,220.08591368301282,11.428647112751607,1.0625011393800097e-06,222.80343434944405,20.52868062064526,1.0236619638418907,1.4142368558532554,0.01995510102269893
0.2,8.0,3,0.25,medium,False,periodic_representation_bias,0.521861434335958,1,True,missed,wsola,WSOLA,0.6035160254327893,phase_vocoder,Phase Vocoder,0.0013216607785060872,1.0,220.08591368301282,11.428647112751607,1.0625011393800097e-06,222.80343434944405,20.52868062064526,1.0236619638418907,1.4142368558532554,0.01995510102269893
0.2,8.0,7,0.33,high,True,periodic_representation_bias|moderate_shift,0.521861434335958,0,False,false_alarm,wsola,WSOLA,0.5187925499204541,phase_vocoder,Phase Vocoder,0.04666500256065569,1.0,220.08591368301282,11.428647112751607,1.0625011393800097e-06,222.80343434944405,20.52868062064526,1.0236619638418907,1.4142368558532554,0.01995510102269893
0.2,8.0,12,0.45,high,True,periodic_representation_bias|large_shift,0.521861434335958,0,False,false_alarm,wsola,WSOLA,0.4906557254483596,phase_vocoder,Phase Vocoder,0.09004131779954412,1.0,220.08591368301282,11.428647112751607,1.0625011393800097e-06,222.80343434944405,20.52868062064526,1.0236619638418907,1.4142368558532554,0.01995510102269893
0.35,8.0,-12,0.45,high,True,periodic_representation_bias|large_shift,0.521861434335958,2,True,caught,wsola,WSOLA,0.7063865162026532,phase_vocoder,Phase Vocoder,0.053248320687929444,1.0,220.1460979211793,20.01997365459,1.0353087284963522e-06,222.88466926005393,20.35500690072376,1.0247400675227736,1.4142807103031907,0.01995510102269893
0.35,8.0,3,0.25,medium,False,periodic_representation_bias,0.521861434335958,1,True,missed,wsola,WSOLA,0.6179630794207241,phase_vocoder,Phase Vocoder,0.0013140606675549078,1.0,220.1460979211793,20.01997365459,1.0353087284963522e-06,222.88466926005393,20.35500690072376,1.0247400675227736,1.4142807103031907,0.01995510102269893
0.35,8.0,7,0.33,high,True,periodic_representation_bias|moderate_shift,0.521861434335958,0,False,false_alarm,wsola,WSOLA,0.4976808961377516,phase_vocoder,Phase Vocoder,0.049455272919065346,1.0,220.1460979211793,20.01997365459,1.0353087284963522e-06,222.88466926005393,20.35500690072376,1.0247400675227736,1.4142807103031907,0.01995510102269893
0.35,8.0,12,0.45,high,True,periodic_representation_bias|large_shift,0.521861434335958,0,False,false_alarm,wsola,WSOLA,0.5034193561775046,phase_vocoder,Phase Vocoder,0.09574684601027794,1.0,220.1460979211793,20.01997365459,1.0353087284963522e-06,222.88466926005393,20.35500690072376,1.0247400675227736,1.4142807103031907,0.01995510102269893
0.5,8.0,-12,0.45,high,True,periodic_representation_bias|large_shift,0.521861434335958,2,True,caught,wsola,WSOLA,0.7045087653404578,phase_vocoder,Phase Vocoder,0.053688038294193774,1.0,220.2310327258873,28.640626703796286,9.348905970867813e-07,222.92688855696943,20.265776981801704,1.0264391269113562,1.4143255904409915,0.01995510102269893
0.5,8.0,3,0.25,medium,False,periodic_representation_bias,0.521861434335958,1,True,missed,wsola,WSOLA,0.6274438071630037,phase_vocoder,Phase Vocoder,0.003196522996258725,1.0,220.2310327258873,28.640626703796286,9.348905970867813e-07,222.92688855696943,20.265776981801704,1.0264391269113562,1.4143255904409915,0.01995510102269893
0.5,8.0,7,0.33,high,True,periodic_representation_bias|moderate_shift,0.521861434335958,0,False,false_alarm,rubber_band,Rubber Band,0.37775486736578084,phase_vocoder,Phase Vocoder,0.05141027538458184,1.0,220.2310327258873,28.640626703796286,9.348905970867813e-07,222.92688855696943,20.265776981801704,1.0264391269113562,1.4143255904409915,0.01995510102269893
0.5,8.0,12,0.45,high,True,periodic_representation_bias|large_shift,0.521861434335958,0,False,false_alarm,wsola,WSOLA,0.47923284899143476,phase_vocoder,Phase Vocoder,0.0999817753637729,1.0,220.2310327258873,28.640626703796286,9.348905970867813e-07,222.92688855696943,20.265776981801704,1.0264391269113562,1.4143255904409915,0.01995510102269893
0.75,8.0,-12,0.45,high,True,periodic_representation_bias|large_shift,0.521861434335958,2,True,caught,wsola,WSOLA,0.7111781901301321,phase_vocoder,Phase Vocoder,0.0536159712295885,1.0,220.427987482151,43.10185962697326,6.240173163960046e-07,222.50896104357489,19.558203840805824,1.0273523300570198,1.4142653219528416,0.01995510102269893
0.75,8.0,3,0.25,medium,False,periodic_representation_bias,0.521861434335958,1,True,missed,wsola,WSOLA,0.6113526240379268,phase_vocoder,Phase Vocoder,0.005726152559480893,1.0,220.427987482151,43.10185962697326,6.240173163960046e-07,222.50896104357489,19.558203840805824,1.0273523300570198,1.4142653219528416,0.01995510102269893
0.75,8.0,7,0.33,high,True,periodic_representation_bias|moderate_shift,0.521861434335958,1,True,caught,wsola,WSOLA,0.5248693699623997,phase_vocoder,Phase Vocoder,0.05593638974151279,1.0,220.427987482151,43.10185962697326,6.240173163960046e-07,222.50896104357489,19.558203840805824,1.0273523300570198,1.4142653219528416,0.01995510102269893
0.75,8.0,12,0.45,high,True,periodic_representation_bias|large_shift,0.521861434335958,0,False,false_alarm,rubber_band,Rubber Band,0.42642045986311516,phase_vocoder,Phase Vocoder,0.10467639906227251,1.0,220.427987482151,43.10185962697326,6.240173163960046e-07,222.50896104357489,19.558203840805824,1.0273523300570198,1.4142653219528416,0.01995510102269893
1.0,8.0,-12,0.45,high,True,periodic_representation_bias|large_shift,0.521861434335958,2,True,caught,wsola,WSOLA,0.7071737698527146,phase_vocoder,Phase Vocoder,0.05638088311782147,1.0,220.6950323512108,58.540524367182584,7.958207671057053e-07,223.28425105210667,21.096345474678515,1.024782256622278,1.4140778049946754,0.01995510102269893
1.0,8.0,3,0.25,medium,False,periodic_representation_bias,0.521861434335958,0,False,safe,wsola,WSOLA,0.408113080923806,phase_vocoder,Phase Vocoder,0.007344011595436063,1.0,220.6950323512108,58.540524367182584,7.958207671057053e-07,223.28425105210667,21.096345474678515,1.024782256622278,1.4140778049946754,0.01995510102269893
1.0,8.0,7,0.33,high,True,periodic_representation_bias|moderate_shift,0.521861434335958,0,False,false_alarm,wsola,WSOLA,0.47403734913164436,phase_vocoder,Phase Vocoder,0.06375285058014986,1.0,220.6950323512108,58.540524367182584,7.958207671057053e-07,223.28425105210667,21.096345474678515,1.024782256622278,1.4140778049946754,0.01995510102269893
1.0,8.0,12,0.45,high,True,periodic_representation_bias|large_shift,0.521861434335958,0,False,false_alarm,rubber_band,Rubber Band,0.41521550393768947,phase_vocoder,Phase Vocoder,0.11111166971746224,1.0,220.6950323512108,58.540524367182584,7.958207671057053e-07,223.28425105210667,21.096345474678515,1.024782256622278,1.4140778049946754,0.01995510102269893
