signal_family,signal_name,signal_label,case_label,shift_semitones,dry_mix,algorithm,algorithm_label,rms_error,spectral_distance,spectral_centroid_difference,shift_retention,dry_similarity,peak_preservation,rms_error_normalized,spectral_distance_normalized,spectral_centroid_difference_normalized,composite_stress,catastrophic_threshold,catastrophic
noise,white_noise,noise / white_noise,noise / white_noise +12,12,0.0,preflight_adaptive_v3_guard_sweep,Adaptive v3 Guard Sweep,0.250365419852364,0.7825103604947405,82.27883485513804,1.0,0.0,0.8138114307704304,0.0002759331089748671,0.2705849754137558,0.025177677172210356,0.09867952856498036,0.40410895268938746,False
noise,white_noise,noise / white_noise,noise / white_noise +12,12,0.1,preflight_adaptive_v3_guard_sweep,Adaptive v3 Guard Sweep,0.2253288778671276,0.7965318142116723,77.74298795911136,1.0179185534464574,0.0,0.751947064768945,0.0002458648256548169,0.2773116219666419,0.02376019011210241,0.10043922563479969,0.40410895268938746,False
noise,white_noise,noise / white_noise,noise / white_noise +12,12,0.2,preflight_adaptive_v3_guard_sweep,Adaptive v3 Guard Sweep,0.2002923358818912,0.7797076266711935,70.81147084803119,0.9964182789582812,0.04368915924184358,0.6900826987674594,0.00021579654233476667,0.2692403930192746,0.021594037674179573,0.09701674241192965,0.40410895268938746,False
noise,white_noise,noise / white_noise,noise / white_noise +12,12,0.3,preflight_adaptive_v3_guard_sweep,Adaptive v3 Guard Sweep,0.17525579389665477,0.7309910772135951,65.51392921262082,0.9341615320612848,0.16322801433661327,0.628218332765974,0.00018572825901471643,0.2458691352243898,0.019938515146478035,0.08866445954329417,0.40410895268938746,False
noise,white_noise,noise / white_noise,noise / white_noise +12,12,0.4,preflight_adaptive_v3_guard_sweep,Adaptive v3 Guard Sweep,0.15021925191141838,0.6540128907707204,60.75193260126783,0.8357881553890509,0.28276686943138274,0.5663539667644887,0.00015565997569466622,0.2089396510969271,0.018450354560020924,0.0758485552108809,0.40410895268938746,False
noise,white_noise,noise / white_noise,noise / white_noise +12,12,0.5,preflight_adaptive_v3_guard_sweep,Adaptive v3 Guard Sweep,0.125182709926182,0.5573225382656666,51.05355011785744,0.7122238457179028,0.4023057245261522,0.573471846817687,0.000125591692374616,0.1625534603704934,0.01541953540114363,0.05936619582133721,0.40410895268938746,False
noise,white_noise,noise / white_noise,noise / white_noise +12,12,0.6,preflight_adaptive_v3_guard_sweep,Adaptive v3 Guard Sweep,0.10014616794094561,0.4483453818622754,38.85352044369772,0.5729577581296303,0.5218445796209217,0.6226753980425515,9.552340905456581e-05,0.11027280329575698,0.011606932244012595,0.04065841964960804,0.40410895268938746,False
noise,white_noise,noise / white_noise,noise / white_noise +12,12,0.7,preflight_adaptive_v3_guard_sweep,Adaptive v3 Guard Sweep,0.0751096259557092,0.33358177432325076,27.119885124307107,0.4262969427169557,0.6413834347156913,0.671878949267416,6.545512573451559e-05,0.05521615648623651,0.007940080911832204,0.02107389750793441,0.40410895268938746,False
noise,white_noise,noise / white_noise,noise / white_noise +12,12,0.85,preflight_adaptive_v3_guard_sweep,Adaptive v3 Guard Sweep,0.0375548129778546,0.16185148926311801,11.79474672447435,0.2068362253514289,0.8206917173578456,0.8226610513731503,2.0352700754440248e-05,0.0,0.003150857229005654,0.001057069976586698,0.40410895268938746,False
noise,white_noise,noise / white_noise,noise / white_noise +12,12,1.0,preflight_adaptive_v3_guard_sweep,Adaptive v3 Guard Sweep,0.0,0.0,0.0,0.0,1.0,1.0,0.0,0.0,0.0,0.0,0.40410895268938746,False
noise,white_noise,noise / white_noise,noise / white_noise -12,-12,0.0,preflight_adaptive_v3_guard_sweep,Adaptive v3 Guard Sweep,0.2382796828515766,1.1367982523121154,2471.2711482261243,1.0,0.0,0.6130001018702299,0.00026141843021109946,0.44055090578977635,0.7717561593222819,0.4041894945140898,0.40410895268938746,True
noise,white_noise,noise / white_noise,noise / white_noise -12,-12,0.1,preflight_adaptive_v3_guard_sweep,Adaptive v3 Guard Sweep,0.21445171456641896,1.0178546828658268,2076.81494639795,0.8953696760138651,0.0,0.5427535990416151,0.000232801614767426,0.38348896574017344,0.648485560757644,0.3440691093708616,0.40410895268938746,False
noise,white_noise,noise / white_noise,noise / white_noise -12,-12,0.2,preflight_adaptive_v3_guard_sweep,Adaptive v3 Guard Sweep,0.1906237462812613,0.8905163986285827,1539.895567680871,0.7833548273120371,0.08985256838684574,0.4997719103262751,0.00020418479932375255,0.3223997486014015,0.48069412310586945,0.2677660188355316,0.40410895268938746,False
noise,white_noise,noise / white_noise,noise / white_noise -12,-12,0.3,preflight_adaptive_v3_guard_sweep,Adaptive v3 Guard Sweep,0.16679577799610365,0.7715465261497468,1039.4904578306953,0.678701365506598,0.20362099733848993,0.48022679105393334,0.00017556798388007911,0.2653251899455694,0.3243136754664513,0.19660481113196693,0.40410895268938746,False
noise,white_noise,noise / white_noise,noise / white_noise -12,-12,0.4,preflight_adaptive_v3_guard_sweep,Adaptive v3 Guard Sweep,0.14296780971094597,0.6573549455059966,642.8332908351188,0.5782511929174883,0.31738942629013434,0.5178967052597955,0.00014695116843640565,0.21054296708815382,0.20035525834972026,0.13701505886877016,0.40410895268938746,False
noise,white_noise,noise / white_noise,noise / white_noise -12,-12,0.5,preflight_adaptive_v3_guard_sweep,Adaptive v3 Guard Sweep,0.1191398414257883,0.5437733941044809,364.00693081485184,0.4783376408245782,0.43115785524177863,0.5982472543831628,0.00011833435299273218,0.15605339941345164,0.11321987516649515,0.08979720297764653,0.40410895268938746,False
noise,white_noise,noise / white_noise,noise / white_noise -12,-12,0.6,preflight_adaptive_v3_guard_sweep,Adaptive v3 Guard Sweep,0.09531187314063065,0.4298359095992259,186.99218550037094,0.3781109873497691,0.5449262841934228,0.6785978035065303,8.971753754905873e-05,0.10139307653506933,0.05790140505865757,0.05312806637709199,0.40410895268938746,False
noise,white_noise,noise / white_noise,noise / white_noise -12,-12,0.7,preflight_adaptive_v3_guard_sweep,Adaptive v3 Guard Sweep,0.071483904855473,0.31602695895913036,84.57231045297462,0.2779974004326346,0.6586947131450671,0.7589483526298977,6.110072210538529e-05,0.04679441644133539,0.025894405945717784,0.024249974369719523,0.40410895268938746,False
noise,white_noise,noise / white_noise,noise / white_noise -12,-12,0.85,preflight_adaptive_v3_guard_sweep,Adaptive v3 Guard Sweep,0.0357419524277365,0.1525524500115037,16.004622024845656,0.1341948315817954,0.8293473565725336,0.8794741763149488,1.8175498939875097e-05,0.0,0.004466475656993542,0.0014948837186444725,0.40410895268938746,False
noise,white_noise,noise / white_noise,noise / white_noise -12,-12,1.0,preflight_adaptive_v3_guard_sweep,Adaptive v3 Guard Sweep,0.0,0.0,0.0,0.0,1.0,1.0,0.0,0.0,0.0,0.0,0.40410895268938746,False
transient,impulse_train,transient / impulse_train,transient / impulse_train +12,12,0.0,preflight_adaptive_v3_guard_sweep,Adaptive v3 Guard Sweep,0.023637316192103405,0.2773870306177653,3.2669869201981365,1.0,0.0,0.9619908541133363,3.6381226506980163e-06,0.028257312797984768,0.00048586666575294854,0.009582272528796138,0.40410895268938746,False
transient,impulse_train,transient / impulse_train,transient / impulse_train +12,12,0.1,preflight_adaptive_v3_guard_sweep,Adaptive v3 Guard Sweep,0.02127358457289306,0.277214928009408,1.7122518755124223,0.999379557840271,0.0,0.8657917687020027,7.993379630647016e-07,0.028174748362041046,0.0,0.009391849233334703,0.40410895268938746,False
transient,impulse_train,transient / impulse_train,transient / impulse_train +12,12,0.2,preflight_adaptive_v3_guard_sweep,Adaptive v3 Guard Sweep,0.018909852953682724,0.2661506155229881,1.7965421103256412,0.9594919233615474,0.07997205467339386,0.7695926832906691,0.0,0.022866759550798366,2.6341347025152094e-05,0.007631033632607839,0.40410895268938746,False
transient,impulse_train,transient / impulse_train,transient / impulse_train +12,12,0.3,preflight_adaptive_v3_guard_sweep,Adaptive v3 Guard Sweep,0.016546121334472384,0.24704976655477823,1.5764736676347983,0.890632002529378,0.19497554783921955,0.6733935978793353,0.0,0.013703325968012783,0.0,0.004567775322670928,0.40410895268938746,False
transient,impulse_train,transient / impulse_train,transient / impulse_train +12,12,0.4,preflight_adaptive_v3_guard_sweep,Adaptive v3 Guard Sweep,0.014182389715262042,0.22031393130891136,1.4205219885936207,0.7942474124267918,0.3099790410050455,0.5771945124680017,0.0,0.0008770871467149996,0.0,0.00029236238223833317,0.40410895268938746,False
transient,impulse_train,transient / impulse_train,transient / impulse_train +12,12,0.5,preflight_adaptive_v3_guard_sweep,Adaptive v3 Guard Sweep,0.011818658096051702,0.18679011670914003,1.1551063491851892,0.6733916733350582,0.4249825341708712,0.5000000000026865,0.0,0.0,0.0,0.0,0.40410895268938746,False
transient,impulse_train,transient / impulse_train,transient / impulse_train +12,12,0.6,preflight_adaptive_v3_guard_sweep,Adaptive v3 Guard Sweep,0.009454926476841362,0.15029855341152376,0.9820869315456433,0.5418369888339613,0.539986027336697,0.6000000000021491,0.0,0.0,0.0,0.0,0.40410895268938746,False
transient,impulse_train,transient / impulse_train,transient / impulse_train +12,12,0.7,preflight_adaptive_v3_guard_sweep,Adaptive v3 Guard Sweep,0.007091194857631022,0.11284729683438086,0.7927298215527744,0.40682254171386456,0.6549895205025227,0.7000000000016119,0.0,0.0,0.0,0.0,0.40410895268938746,False
transient,impulse_train,transient / impulse_train,transient / impulse_train +12,12,0.85,preflight_adaptive_v3_guard_sweep,Adaptive v3 Guard Sweep,0.003545597428815511,0.055536012221435095,0.5088613271597239,0.2002112791566048,0.8274947602512613,0.8500000000008059,0.0,0.0,0.0,0.0,0.40410895268938746,False
transient,impulse_train,transient / impulse_train,transient / impulse_train +12,12,1.0,preflight_adaptive_v3_guard_sweep,Adaptive v3 Guard Sweep,0.0,0.0,0.0,0.0,1.0,1.0,0.0,0.0,0.0,0.0,0.40410895268938746,False
transient,impulse_train,transient / impulse_train,transient / impulse_train -12,-12,0.0,preflight_adaptive_v3_guard_sweep,Adaptive v3 Guard Sweep,0.0228977898628095,0.41069422256621096,1990.122461121574,1.0,0.0,0.6798544995607194,2.749969358403967e-06,0.09221005131553955,0.621393491976507,0.2378687644204683,0.40410895268938746,False
transient,impulse_train,transient / impulse_train,transient / impulse_train -12,-12,0.1,preflight_adaptive_v3_guard_sweep,Adaptive v3 Guard Sweep,0.020608010876528547,0.36609259689733004,851.0278242457358,0.8913994324288543,0.0,0.6118690496046475,5.833411002503399e-20,0.07081288539996826,0.26541765217815266,0.11207684585937365,0.40410895268938746,False
transient,impulse_train,transient / impulse_train,transient / impulse_train -12,-12,0.2,preflight_adaptive_v3_guard_sweep,Adaptive v3 Guard Sweep,0.0183182318902476,0.3213575373795326,721.369431881834,0.7824739665718679,0.10875640919679352,0.5438835996485756,0.0,0.04935170598351661,0.2248984067928586,0.09141670425879174,0.40410895268938746,False
transient,impulse_train,transient / impulse_train,transient / impulse_train -12,-12,0.3,preflight_adaptive_v3_guard_sweep,Adaptive v3 Guard Sweep,0.01602845290396665,0.27804089735530046,610.5771525416218,0.6770022125414134,0.22016185804719435,0.4758981496925036,0.0,0.02857099856301899,0.19027496690951834,0.07294865515751243,0.40410895268938746,False
transient,impulse_train,transient / impulse_train,transient / impulse_train -12,-12,0.4,preflight_adaptive_v3_guard_sweep,Adaptive v3 Guard Sweep,0.013738673917685698,0.2359875855026615,513.287378744946,0.5746065382368905,0.33156730689759517,0.4079126997364316,0.0,0.008396359690203348,0.15987116391554582,0.056089174535249725,0.40410895268938746,False
transient,impulse_train,transient / impulse_train,transient / impulse_train -12,-12,0.5,preflight_adaptive_v3_guard_sweep,Adaptive v3 Guard Sweep,0.01144889493140475,0.1945629257726084,427.78937232459515,0.47374156996143646,0.442972755747996,0.500000000000044,0.0,0.0,0.13315237896889445,0.04438412632296482,0.40410895268938746,False
transient,impulse_train,transient / impulse_train,transient / impulse_train -12,-12,0.6,preflight_adaptive_v3_guard_sweep,Adaptive v3 Guard Sweep,0.0091591159451238,0.15378559695859867,349.7383358298522,0.37445278873823407,0.5543782045983967,0.6000000000000352,0.0,0.0,0.10876082943131495,0.03625360981043831,0.40410895268938746,False
transient,impulse_train,transient / impulse_train,transient / impulse_train -12,-12,0.7,preflight_adaptive_v3_guard_sweep,Adaptive v3 Guard Sweep,0.00686933695884285,0.11383493902600941,275.3399346117978,0.27717686972734873,0.6657836534487975,0.7000000000000264,0.0,0.0,0.08551075652614457,0.028503585508714856,0.40410895268938746,False
transient,impulse_train,transient / impulse_train,transient / impulse_train -12,-12,0.85,preflight_adaptive_v3_guard_sweep,Adaptive v3 Guard Sweep,0.003434668479421425,0.055695993966048914,162.05008317534347,0.1356142621584353,0.8328918267243988,0.8500000000000132,0.0,0.0,0.05010680614294348,0.016702268714314492,0.40410895268938746,False
transient,impulse_train,transient / impulse_train,transient / impulse_train -12,-12,1.0,preflight_adaptive_v3_guard_sweep,Adaptive v3 Guard Sweep,0.0,0.0,0.0,0.0,1.0,1.0,0.0,0.0,0.0,0.0,0.40410895268938746,False
transient,click_sequence,transient / click_sequence,transient / click_sequence +12,12,0.0,preflight_adaptive_v3_guard_sweep,Adaptive v3 Guard Sweep,0.09996808147926635,0.2706163673807263,227.81600431615,1.0,0.0,0.6696090754496942,9.530953150756293e-05,0.02500915754649441,0.07065916259369444,0.03192120989056547,0.40410895268938746,False
transient,click_sequence,transient / click_sequence,transient / click_sequence +12,12,0.1,preflight_adaptive_v3_guard_sweep,Adaptive v3 Guard Sweep,0.08997127333133971,0.248443060823732,222.03584982711843,0.9180636900435553,0.0,0.6026481679047248,8.330360593424311e-05,0.01437174439884184,0.06885281983534335,0.02776928928003981,0.40410895268938746,False
transient,click_sequence,transient / click_sequence,transient / click_sequence +12,12,0.2,preflight_adaptive_v3_guard_sweep,Adaptive v3 Guard Sweep,0.07997446518341307,0.2272735038436046,214.70746665424576,0.8398365037686606,0.015432542167874153,0.5356872603597553,7.129768036092331e-05,0.004215869668496127,0.06656264369907221,0.023616603682643084,0.40410895268938746,False
transient,click_sequence,transient / click_sequence,transient / click_sequence +12,12,0.3,preflight_adaptive_v3_guard_sweep,Adaptive v3 Guard Sweep,0.06997765703548645,0.20863889355674378,206.14706840114317,0.7709766248661992,0.13850347439688981,0.46872635281478586,5.929175478760352e-05,0.0,0.06388745336939575,0.02131558170806112,0.40410895268938746,False
transient,click_sequence,transient / click_sequence,transient / click_sequence +12,12,0.4,preflight_adaptive_v3_guard_sweep,Adaptive v3 Guard Sweep,0.05998084888755981,0.18768276202898393,196.06196963607627,0.6935381028337274,0.2615744066259056,0.4259785835099223,4.7285829214283716e-05,0.0,0.06073578239656915,0.02026102274192781,0.40410895268938746,False
transient,click_sequence,transient / click_sequence,transient / click_sequence +12,12,0.5,preflight_adaptive_v3_guard_sweep,Adaptive v3 Guard Sweep,0.049984040739633175,0.16268740738623624,184.8679884666952,0.6011735689192578,0.38464533885492125,0.5216488195916018,3.5279903640963915e-05,0.0,0.05723757713911456,0.019090952347585174,0.40410895268938746,False
transient,click_sequence,transient / click_sequence,transient / click_sequence +12,12,0.6,preflight_adaptive_v3_guard_sweep,Adaptive v3 Guard Sweep,0.03998723259170654,0.13676425716947657,172.87591204627256,0.5053805817187136,0.5077162710839369,0.6173190556732815,2.3273978067644116e-05,0.0,0.05348996097405723,0.017837744984041625,0.40410895268938746,False
transient,click_sequence,transient / click_sequence,transient / click_sequence +12,12,0.7,preflight_adaptive_v3_guard_sweep,Adaptive v3 Guard Sweep,0.02999042444377991,0.10787708528250997,159.50038161827055,0.39863474011806255,0.6307872033129527,0.7129892917549611,1.1268052494324318e-05,0.0,0.049310004785416646,0.016440424279303655,0.40410895268938746,False
transient,click_sequence,transient / click_sequence,transient / click_sequence +12,12,0.85,preflight_adaptive_v3_guard_sweep,Adaptive v3 Guard Sweep,0.014995212221889955,0.05809753263872407,136.29227603126125,0.21468595266814544,0.8153936016564763,0.8564946458774806,0.0,0.0,0.0420572931941101,0.014019097731370033,0.40410895268938746,False
transient,click_sequence,transient / click_sequence,transient / click_sequence +12,12,1.0,preflight_adaptive_v3_guard_sweep,Adaptive v3 Guard Sweep,0.0,0.0,0.0,0.0,1.0,1.0,0.0,0.0,0.0,0.0,0.40410895268938746,False
transient,click_sequence,transient / click_sequence,transient / click_sequence -12,-12,0.0,preflight_adaptive_v3_guard_sweep,Adaptive v3 Guard Sweep,0.08943885017858422,0.3360734551127561,86.39302775143344,1.0,0.0,0.2991939394932993,8.266417856393587e-05,0.05641151442357928,0.02646339411261134,0.027652524238251517,0.40410895268938746,False
transient,click_sequence,transient / click_sequence,transient / click_sequence -12,-12,0.1,preflight_adaptive_v3_guard_sweep,Adaptive v3 Guard Sweep,0.0804949651607258,0.2683364824961038,58.292519983812426,0.7984459302388942,0.009024655121812941,0.2692745455439694,7.192278828497878e-05,0.023915406491166684,0.01768176919093294,0.0138896994901282,0.40410895268938746,False
transient,click_sequence,transient / click_sequence,transient / click_sequence -12,-12,0.2,preflight_adaptive_v3_guard_sweep,Adaptive v3 Guard Sweep,0.07155108014286737,0.22220806979464722,51.62099050548848,0.6611889942932093,0.11913302677494486,0.23935515159463946,6.118139800602168e-05,0.0017857803801689725,0.015596864888952008,0.005814608889042334,0.40410895268938746,False
transient,click_sequence,transient / click_sequence,transient / click_sequence -12,-12,0.3,preflight_adaptive_v3_guard_sweep,Adaptive v3 Guard Sweep,0.06260719512500895,0.18849646204786194,48.05496717163872,0.560878757843637,0.22924139842807667,0.30267641387723243,5.0440007727064585e-05,0.0,0.014482455155192493,0.004844298387639852,0.40410895268938746,False
transient,click_sequence,transient / click_sequence,transient / click_sequence -12,-12,0.4,preflight_adaptive_v3_guard_sweep,Adaptive v3 Guard Sweep,0.05366331010715054,0.1614637638133302,45.45610230679563,0.4804418836327238,0.3393497700812085,0.40229406903762777,3.96986174481075e-05,0.0,0.013670289885656774,0.0045699961677016275,0.40410895268938746,False
transient,click_sequence,transient / click_sequence,transient / click_sequence -12,-12,0.5,preflight_adaptive_v3_guard_sweep,Adaptive v3 Guard Sweep,0.04471942508929211,0.13843384339048967,43.17383649342273,0.41191543480886844,0.4494581417343405,0.5019117241980231,2.895722716915039e-05,0.0,0.012957064256057882,0.004328673827742344,0.40410895268938746,False
transient,click_sequence,transient / click_sequence,transient / click_sequence -12,-12,0.6,preflight_adaptive_v3_guard_sweep,Adaptive v3 Guard Sweep,0.03577554007143369,0.11738366594753617,40.98654110780966,0.3492797903605709,0.5595665133874724,0.6015293793584185,1.8215836890193295e-05,0.0,0.012273517615968179,0.004097244484286124,0.40410895268938746,False
transient,click_sequence,transient / click_sequence,transient / click_sequence -12,-12,0.7,preflight_adaptive_v3_guard_sweep,Adaptive v3 Guard Sweep,0.026831655053575272,0.09642859339118517,38.87788669145985,0.2869271343041133,0.6696748850406042,0.7011470345188139,7.474446611236206e-06,0.0,0.011614546883945979,0.003874007110185738,0.40410895268938746,False
transient,click_sequence,transient / click_sequence,transient / click_sequence -12,-12,0.85,preflight_adaptive_v3_guard_sweep,Adaptive v3 Guard Sweep,0.013415827526787636,0.0609066692906137,35.800537632771395,0.18123022917766263,0.8348374425203021,0.8505735172594069,0.0,0.0,0.01065285162171229,0.0035509505405707637,0.40410895268938746,False
transient,click_sequence,transient / click_sequence,transient / click_sequence -12,-12,1.0,preflight_adaptive_v3_guard_sweep,Adaptive v3 Guard Sweep,0.0,0.0,0.0,0.0,1.0,1.0,0.0,0.0,0.0,0.0,0.40410895268938746,False
